rank,word,romaji,frequency,english
268,メニュー,menyū,304,menu; schedule; program; programme; (computer) menu
282,センター,sentā,288,centre; center
293,コロナ,korona,276,corona; coronavirus
315,カレー,karē,251,curry (esp. Japanese curry); rice and curry
333,イベント,ibento,237,event
342,ウマ,uma,226,horse; horse racing; promoted bishop; points paid and received at the end of a game of mahjong based on position (rank)
370,セット,setto,208,set; set meal; combo-meal; combo; combination meal
376,ラーメン,rāmen,206,ramen; Chinese-style noodles; rigid frame
492,ソース,sōsu,147,sauce; Worcestershire sauce; source; origin; source program
503,パン,pan,145,bread; pastries (e.g. croissants); pastry-based products; pan; frying pan
506,ロシア,roshia,144,Russia
604,サイズ,saizu,120,size
610,オススメ,osusume,119,recommendation; advice; suggestion; encouragement
617,ウクライナ,ukuraina,116,Ukraine
626,チーム,chīmu,115,team
628,スポーツ,supōtsu,114,sport; sports
629,スープ,sūpu,114,(Western) soup
648,スーパー,sūpā,111,supermarket; subtitles; telop; superheterodyne; super
649,レベル,reberu,111,level; standard; amount; degree; grade
654,サイト,saito,110,site (usu. website); sight; payable on sight
655,マジ,maji,110,serious; not joking; straight; cannot; should not
658,コマ,koma,109,"coma (of a comet); coma; comatic aberration; frame (e.g. of film, panel in a comic, etc.); scene"
659,コーヒー,kōhī,109,coffee
667,ゲーム,gēmu,108,game
679,デザイン,dezain,105,design
688,カツ,katsu,104,cutlet (usu. crumbed and fried)
702,チキン,chikin,102,chicken; coward; scaredy-cat; wuss
712,テーマ,tēma,100,theme; topic; subject matter; motif; project
713,ネット,netto,100,"network; Internet; net (hair, netball, etc.); net (price, weight, etc.); nett"
739,ファン,fan,96,fan; enthusiast; lover (of); fan (e.g. electric); han
756,ポケモン,pokemon,94,Pokémon
800,イメージ,imēji,90,image (in one's mind); impression; mental image; (mental) picture; (computer) image
815,オープン,ōpun,89,"opening (a new store, golf course, runway, etc.); open; frank; approachable; open-hearted"
816,ニュース,nyūsu,89,news
826,クラブ,kurabu,88,nightclub; clubs (card suit); golf club; club; fraternity
841,チーズ,chīzu,87,cheese; tee (piping); T-joint; cheese (said when taking a photograph)
872,ホテル,hoteru,84,hotel
879,ポイント,pointo,83,point; points (of a railway); switch
897,グループ,gurūpu,82,group (usu. of people)
898,チェック,chekku,82,check; plaid; checkered; checking; monitoring
907,メンバー,menbā,81,member; participant; attendee; lineup (sport)
921,サービス,sābisu,80,service; help; assistance; care; concern
965,バーガー,bāgā,77,burger
976,イスラエル,isuraeru,76,Israel
977,タイプ,taipu,76,type; kind; sort; style; type (of person)
978,ブランド,burando,76,brand; bland
979,ホール,hōru,76,"hall (dance, concert, etc.); dining area of a restaurant; hole; hole (in golf); (golf) cup"
1008,オンライン,onrain,74,online
1019,グルメ,gurume,73,fine food; high-quality food; gourmet; epicure; gastronome
1031,ピザ,piza,72,"pizza; fat, ugly person"
1044,サッカー,sakkā,71,soccer; seersucker
1045,サラダ,sarada,71,salad
1046,ハンバーグ,hanbāgu,71,Hamburg steak; hamburger steak
1047,ホワイト,howaito,71,white; correction fluid; white-out
1073,チェーン,chēn,69,"chain (bicycle, measuring, tire, etc.); chain (store, hotel, etc.)"
1092,ウイルス,uirusu,68,virus
1094,バス,basu,68,"bus; bath; bass; double bass; bass (fish, e.g. Japanese seabass)"
1112,コンサート,konsāto,67,concert
1113,プロ,puro,67,professional
1114,ポテト,poteto,67,potato; French fries; chips; fried potato; sweet potato
1131,カード,kādo,66,"card (information, filing, etc.); card (greetings, congratulations, etc.); (Western) playing cards; credit card; debit card"
1145,アイス,aisu,65,ice; ice cream; icecream; usurer; usury
1146,コンビニ,konbini,65,convenience store
1147,コース,kōsu,65,course; route; trail; course (of study); program
1148,セブン,sebun,65,seven
1175,ランチ,ranchi,64,lunch; (Western-style) single-plate lunch set; plate lunch; lunch set; launch (boat)
1190,ステーキ,sutēki,63,steak
1201,アイテム,aitemu,62,"item; something that one ""just has to have"""
1202,アメリカ,amerika,62,America; United States of America
1203,ケーキ,kēki,62,cake
1204,シンプル,shinpuru,62,simple; plain
1205,パスタ,pasuta,62,pasta
1206,リーグ,rīgu,62,league
1219,ゴルフ,gorufu,61,golf
1251,コス,kosu,60,"cosplay (dressing in costume, esp. as a manga character, etc.)"
1268,ケニア,kenia,59,Kenya
1269,ドリンク,dorinku,59,drink
1284,エリア,eria,58,area
1285,カップ,kappu,58,"cup (drinking vessel, measure, brassiere, prize, etc.)"
1286,パッケージ,pakkēji,58,package
1308,コーナー,kōnā,57,corner; bend; turn; segment (within a radio or TV program); session
1309,ハズ,hazu,57,purging croton (Croton tiglium); husband; hubby
1324,オーダー,ōdā,56,order; reservation; sequence; order (of magnitude); architectural order
1325,デカ,deka,56,detective; deca-; 10^1
1326,ロケット,roketto,56,rocket; locket
1341,ビール,bīru,55,beer
1359,スタイル,sutairu,54,(one's) figure; build; physique; shape; style
1360,ヤバ,yaba,54,
1374,ガチ,gachi,53,serious; earnest; honest; real; legit
1376,ライス,raisu,53,rice (esp. when served on a plate)
1412,カフェ,kafe,52,café; cafe; coffeehouse; hostess bar (serving western alcoholic beverages; Taisho and Showa period)
1413,テレビ,terebi,52,television; TV; TV program; TV programme; TV broadcast
1414,バッグ,baggu,52,bag
1415,ミルク,miruku,52,milk
1445,アップ,appu,51,increasing; uploading; posting (e.g. content); putting online; close-up
1446,システム,shisutemu,51,system
1447,シリーズ,shirīzu,51,series
1448,スシロー,sushirō,51,
1449,スタッフ,sutaffu,51,staff; stuff; stuffing; filling
1450,チョコ,choko,51,chocolate
1468,オリジナル,orijinaru,50,original; unique (e.g. product); signature; exclusive; one-of-a-kind
1469,クリスマス,kurisumasu,50,Christmas
1470,タイミング,taimingu,50,timing
1472,フード,fūdo,50,hood; food
1473,ブロック,burokku,50,"blocking (e.g. the way); obstructing; block (lump of something (usu. square), area of town, etc.); block; physical record (e.g. on magnetic tape)"
1492,スイーツ,suītsu,49,"sweets (desserts, candy, etc.)"
1493,トッピング,toppingu,49,topping
1494,ネタ,neta,49,"material (for a story, article, etc.); information; news item; joke; jest"
1495,ワケ,wake,49,
1520,キャンペーン,kyanpēn,48,"promotion (e.g. sales, etc.); marketing campaign; campaign (election, membership, enrolment, fund-raising, etc.); drive; movement"
1521,コレ,kore,48,
1522,ショップ,shoppu,48,shop
1523,シーズン,shīzun,48,"season (period in which regulated games are played); season (division of the year); season (of a TV show, etc.); season (for doing something, e.g. ski season, entrance examination season)"
1524,チャレンジ,charenji,48,taking on (a challenge); attempt; try; tackling; challenging (someone to a contest)
1525,メーカー,mēkā,48,manufacturer (esp. a major company); producer; maker; device for making things; person who creates things
1559,スタート,sutāto,47,start
1560,トップ,toppu,47,top; top position; senior management; senior bureaucrat
1561,パーク,pāku,47,"park (public, amusement, etc.); parking; perk (in video games); special ability"
1594,アプリ,apuri,46,app; application
1634,コメント,komento,45,comment; (blog) comment
1635,コラボ,korabo,45,collaboration
1636,プロジェクト,purojiekuto,45,project
1671,サンジュン,sanjun,44,
1672,ステージ,sutēji,44,stage; performance
1673,ツアー,tsuā,44,tour
1674,トロ,toro,44,fatty cut (esp. of tuna belly)
1675,ミサイル,misairu,44,missile
1676,ミニ,mini,44,mini-; miniskirt; mini-skirt
1677,メイン,mein,44,main; principal; main dish; main course; main part
1714,グッズ,guzzu,43,goods; promotional items
1715,スペース,supēsu,43,"space (room, area, outer space)"
1716,メディア,media,43,media
1757,ゲット,getto,42,"getting (something); obtaining; scoring (goal, point, etc.)"
1758,ゴミ,gomi,42,rubbish; trash; garbage; refuse
1759,サボタージュ,sabotāju,42,work-to-rule; go-slow strike; slowdown; being idle; slackening
1804,スタバ,sutaba,41,
1805,マスク,masuku,41,(face) mask; (facial) features; looks; mask (e.g. for circuit etching)
1806,レストラン,resutoran,41,restaurant (esp. Western-style)
1847,タレ,tare,40,"sauce (esp. soy or mirin-based dipping sauce); hanging; something hanging (flap, lappet, etc.); (kendo) loin guard; kanji radical enclosing the top-left corner of a character"
1848,ブラジル,burajiru,40,Brazil
1849,プリン,purin,40,pudding (esp. custard); black hair dyed blond but where the roots have again turned black; purine
1850,ベスト,besuto,40,best; vest
1851,ボリューム,boryūmu,40,volume (sound level); volume (books); volume; substantial quantity (e.g. hearty meal); bulk
1886,アリ,ari,39,ant
1887,クオリティ,kuoritei,39,quality
1888,バー,bā,39,bar; VAR
1889,ビル,biru,39,multi-floor building; multi-storey building; bill
1890,ライブ,raibu,39,"live (esp. concert, show, etc.); live performance; alive"
1927,アジア,ajia,38,Asia
1928,オレ,ore,38,olé
1929,クリーム,kurīmu,38,cream; ice cream
1930,バランス,baransu,38,balance
1931,パック,pakku,38,packing; packaging; wrapping; container; face mask
1932,モノ,mono,38,mono
1933,ローソン,rōson,38,
1972,アニメ,anime,37,animation; animated film; animated cartoon; anime
1973,カット,katto,37,cut; cutting; haircut; shuffle (cards); shuffling
1974,トマト,tomato,37,tomato (Solanum lycopersicum)
2013,エネルギー,enerugī,36,energy; strength; power; stamina; get-up-and-go
2015,サポート,sapōto,36,support
2016,バター,batā,36,butter
2017,パレスチナ,paresuchina,36,Palestine
2018,フランス,furansu,36,France
2019,メッセージ,messēji,36,message
2051,イレブン,irebun,35,eleven; team (of eleven players; esp. in soccer)
2052,ケース,kēsu,35,"case (e.g. receptacle, condition, event, legal action, letter style, etc.); Computer-Aided Software Engineering; CASE"
2053,トイレ,toire,35,toilet; restroom; bathroom; lavatory
2054,プレゼント,purezento,35,present; gift; to give a present or gift
2055,ページ,pēji,35,page
2056,マクドナルド,makudonarudo,35,
2109,インド,indo,34,India
2111,カメラ,kamera,34,camera
2112,タイ,tai,34,tie; necktie; draw; tied score; sea bream (Sparidae)
2114,メール,mēru,34,email; mail (usu. in compound words); post; message (sent over a chat application); (SMS) text
2115,モチ,mochi,34,birdlime; Nepal holly (Ilex integra); motivation
2173,カルディ,karudi,33,
2174,ダメ,dame,33,no good; not serving its purpose; useless; broken; hopeless
2176,パネル,paneru,33,panel
2177,フタ,futa,33,cover; lid; cap
2178,ボール,bōru,33,"ball; ball (pitch that falls outside of the strike zone); bowl; board (cardboard, pasteboard, etc.)"
2179,ライン,rain,33,line; LINE (instant messaging software)
2180,ラインナップ,rainnappu,33,"line-up (baseball, product, etc.); lineup"
2244,グラウンド,guraundo,32,sports ground; sports oval
2245,サウナ,sauna,32,sauna
2246,スタジアム,sutajiamu,32,stadium
2247,スマホ,sumaho,32,smartphone; smart phone
2248,タン,tan,32,"tongue of beef, pork, etc.; soup; tan (colour)"
2249,チョコレート,chokorēto,32,chocolate
2251,マック,makku,32,McDonald's (fast food restaurant); Mac (personal computer); Macintosh
2252,マップ,mappu,32,map
2300,カウンター,kauntā,31,"counter; service counter (e.g. at a bank); counter (at a bar, cafe, etc.); automatically responding with an upload slot to someone who allows you to download (e.g. in P2P systems)"
2301,キロ,kiro,31,kilo-; 1000; kilogram; kilogramme; kilometre
2302,コク,koku,31,"richness; fullness; lushness; body (esp. of food, wine, etc.); depth"
2303,ゴール,gōru,31,goal; basket (basketball); finishing line; winning post; Gaul
2304,サイド,saido,31,side
2305,スポット,supotto,31,spot; dot; mark; place; location
2306,チキ,chiki,31,
2307,テンション,tenshon,31,(emotional) tension; anxiety; (highness of) spirits; (good) mood; excitement
2308,デモ,demo,31,demonstration; protest; (giving a) demo; presentation
2309,ビックリ,bikkuri,31,to be surprised; to be amazed; to be frightened; to be astonished; to get startled
2310,ファミマ,famima,31,
2311,ホーム,hōmu,31,platform; home; home base; home plate
2312,ヤツ,yatsu,31,
2313,ライト,raito,31,light; right; right field; right fielder
2373,アート,āto,30,art; assisted reproductive technologies; ART
2374,エッセイ,essei,30,essay
2375,オシャレ,oshare,30,smartly dressed; stylish; fashion-conscious; someone smartly dressed; to dress up
2376,ガラス,garasu,30,glass; pane
2377,スキー,sukī,30,skiing; ski; skis
2378,ニンニク,ninniku,30,garlic (Allium sativum)
2379,バイデン,baiden,30,
2380,プラス,purasu,30,plus; addition; positive number; gain; advantage
2447,スゴ,sugo,29,
2448,チケット,chiketto,29,ticket
2449,デザート,dezāto,29,dessert; desert
2450,バレーボール,barēbōru,29,volleyball
2451,ブース,būsu,29,booth
2452,ポスター,posutā,29,poster
2453,ランク,ranku,29,rank; standing
2454,ルール,rūru,29,rule
2511,インパクト,inpakuto,28,"impact (on); (strong) impression; effect; influence; impact (of a ball against a racket, bat, club, etc.)"
2512,クーポン,kūpon,28,coupon
2513,コストコ,kosutoko,28,
2514,コメダ,komeda,28,
2515,コート,kōto,28,"coat; coating; court (e.g. tennis, basketball, volleyball)"
2516,ゼリー,zerī,28,jello (gelatin-based dessert); jelly; gel
2517,ゼロ,zero,28,zero; nought; nil; nothing; zilch
2518,タクシー,takushī,28,taxi
2519,デジタル,dejitaru,28,digital
2520,トルコ,toruko,28,Turkey; turquoise
2521,バラ,bara,28,rose; loose articles (not packaged with other things); bulk items; individual items; coins
2522,パイ,pai,28,pie; tart; tile; pi
2523,パターン,patān,28,pattern; behavioural pattern; behavioral pattern; predictability; force of habit
2524,パッ,patsu,28,poof
2525,メートル,mētoru,28,metre; meter; gauge
2526,ラグビー,ragubī,28,rugby
2527,レビュー,rebyū,28,review; revue
2528,ワークショップ,wākushoppu,28,workshop
2580,イイ,ī,27,Iran-Iraq
2581,イカ,ika,27,cuttlefish; squid
2582,キッチン,kitchin,27,kitchen; chitin
2583,クラス,kurasu,27,class
2584,クロ,kuro,27,
2585,サミット,samitto,27,summit
2586,ソフト,sofuto,27,soft; software; soft hat; felt hat; soft serve ice cream
2587,タイム,taimu,27,time; thyme; time out (e.g. in sport)
2588,ダンス,dansu,27,dance
2589,テイクアウト,teikuauto,27,take-out; take-away; carry-out
2590,テーブル,tēburu,27,table
2591,ドーナツ,dōnatsu,27,doughnut; donut
2592,フリー,furī,27,"free (of restraint, controls, etc.); free (of cost); freelance; one-size"
2593,プラン,puran,27,plan; scheme; (payment) plan; package; deal
2594,ホタテ,hotate,27,Japanese scallop (Patinopecten yessoensis); Yesso scallop
2595,ボタン,botan,27,button (clothing); push-button; tree peony (Paeonia suffruticosa); moutan; wild boar (meat)
2596,レトルト,retoruto,27,retort; sealed plastic pouch typically containing ready-made sauce or stew; boil-in-the-bag; glass vessel used for distillation (now largely obs.)
2597,ワン,wan,27,one; wide area network; WAN; counter for character tiles; woof
2704,コンクール,konkūru,26,competition; contest
2705,サクサク,sakusaku,26,"crisp (not moist or juicy); crunchy; flaky (as in pastry); crunching sound (of walking on snow, frost, sand, etc.); doing skillfully and efficiently"
2706,シリア,shiria,26,Syria
2707,セミナー,seminā,26,seminar
2708,テニス,tenisu,26,tennis
2709,フェア,fea,26,fair; fare; fear
2710,ボックス,bokkusu,26,"box; box (in theatre); booth (in restaurant, etc.); small rectangular building (e.g. telephone box); rectangular field area (batter's box, catcher's box)"
2711,ユニ,yuni,26,uni-; single; unitary; sole; uniform
2712,リスク,risuku,26,risk; reduced instruction set computer; RISC
2713,リニューアル,rinyūaru,26,renovation; overhaul; update; repair; improvement
2714,レギュラー,regyurā,26,"regular; regular member (e.g. of football team, etc.); regular (petrol, gasoline)"
2715,ワクチン,wakuchin,26,vaccine
2791,ガザ,gaza,25,
2792,キャラクター,kyarakutā,25,"character; personality; disposition; character (in a film, novel, comic, etc.); letter"
2793,グリーン,gurīn,25,"green (colour); green (energy, car, etc.); environmentally friendly; greenland; green space"
2794,ケンタッキー,kentakkī,25,Kentucky; Kentucky Fried Chicken; KFC
2795,スパイス,supaisu,25,spice
2796,ダム,damu,25,dam; dumb
2797,チャンス,chansu,25,chance; opportunity
2798,ティー,teī,25,tea; tee; T; t; ton
2799,トーク,tōku,25,"talk (esp. by a talk-show host, or by a stage musician to the audience between songs); banter; chat; talk show; toque"
2800,ドイツ,doitsu,25,Germany
2801,ニューヨーク,nyūyōku,25,New York
2802,バカ,baka,25,idiot; moron; fool; trivial matter; folly
2803,ビジュアル,bijuaru,25,visual
2804,プラザ,puraza,25,plaza
2805,リアル,riaru,25,real; realistic; true to life; serious; non-joking
2806,ルート,rūto,25,"route; path; channel (e.g. sales, distribution); root; square root"
2807,ヴィレヴァン,virevan,25,
2885,アピール,apīru,24,appeal (e.g. to public opinion); plea; request; appeal (e.g. sex appeal); attractiveness
2886,オレンジ,orenji,24,"orange (fruit, colour)"
2887,カー,kā,24,car
2888,ギャラリー,gyararī,24,gallery; corridor; art gallery; upper gallery (in a theatre); spectators (esp. at a golf tournament)
2889,クラシック,kurashikku,24,classical music; classic; classical; classic (work); the classics
2890,ソウル,souru,24,soul; soul music; Seoul (South Korea)
2891,タコ,tako,24,octopus
2892,テロ,tero,24,terror; terrorism
2893,ニーズ,nīzu,24,needs; demands; requests
2894,ネギ,negi,24,Welsh onion (Allium fistulosum); green onion; spring onion
2895,パリ,pari,24,Paris (France)
2896,パワー,pawā,24,power
2897,ビッグ,biggu,24,big
2898,フォーラム,fōramu,24,forum
2899,フルーツ,furūtsu,24,fruit
2900,プレイ,purei,24,play; recreation; play (theatre); performance; staging
2901,プーチン,pūchin,24,
2902,マニア,mania,24,enthusiast; mania; enthusiasm
2903,ライター,raitā,24,lighter; writer
2904,レジ,reji,24,(cash) register; cashier
2983,インターネット,intānetto,23,Internet
2984,インフルエンザ,infuruenza,23,influenza; flu
2985,ガイド,gaido,23,guide; tour guide; conductor; guiding; leading
2986,グラム,guramu,23,gram; gramme
2987,サクラ,sakura,23,cherry tree; cherry blossom; fake buyer; paid audience; shill
2988,タイトル,taitoru,23,title
2989,チョイス,choisu,23,choice; selection
2990,トラック,torakku,23,"truck; lorry; track (running, CD, etc.); track events"
2991,ドル,doru,23,dollar; money; cash
2992,ピカチュウ,pikachū,23,
2993,フィリピン,firipin,23,Philippines
2994,ボランティア,boranteia,23,volunteer
2995,レシピ,reshipi,23,recipe; prescription (medical); how-to guide (e.g. crafts)
3085,アルコール,arukōru,22,alcohol; (alcohol-based) hand sanitizer
3086,イケ,ike,22,
3087,カプセル,kapuseru,22,capsule
3088,キレイ,kirei,22,pretty; lovely; beautiful; fair; clean
3089,クセ,kuse,22,long segment of a noh play forming its musical highlight; wrong; improper; indecent
3090,ココイチ,kokoichi,22,
3091,ソフトクリーム,sofutokurīmu,22,soft serve ice cream (icecream)
3092,ドライバー,doraibā,22,driver (of a vehicle); screwdriver; driver (golf); driver; device driver
3093,ネットワーク,nettowāku,22,network
3094,バドミントン,badominton,22,badminton
3095,バナナ,banana,22,banana
3096,プレミアム,puremiamu,22,premium
3097,ベース,bēsu,22,base; basis; theme; basic ingredient; base (e.g. military)
3098,ユーザー,yūzā,22,user
3099,ルーム,rūmu,22,room
3100,レイ,rei,22,lei (garland of flowers); lei (plural of leu; currency of Rumania and Moldova)
3101,ワークマン,wākuman,22,
3206,アカウント,akaunto,21,account
3207,イラスト,irasuto,21,illustration; picture; sketch; drawing; figure
3208,ガチャ,gacha,21,capsule toy; vending machine toy; gacha; loot box; loot crate
3209,コロッケ,korokke,21,croquette
3210,サロン,saron,21,salon; saloon; reception room; sarong; saron (instrument)
3211,スプーン,supūn,21,spoon
3212,ダイエット,daietto,21,diet; losing weight by any method (e.g. exercise)
3213,トースト,tōsuto,21,toast
3214,ヌードル,nūdoru,21,"noodle; noodles; TV, etc. personality who has appeared in the nude"
3215,ハンバーガー,hanbāgā,21,hamburger (on a bun)
3216,バイク,baiku,21,motorcycle; motorbike
3217,バンド,bando,21,band; belt
3218,パーティー,pāteī,21,"party (gathering, celebration, etc.); party (group, political, etc.)"
3219,ビーフ,bīfu,21,beef
3220,プレス,puresu,21,pressing; stamping; printing; press (machine); the press
3221,プレー,purē,21,play; recreation; play (theatre); performance; staging
3223,ホームページ,hōmupēji,21,web site; website; web page; webpage; home page
3224,マグロ,maguro,21,"tuna (edible fish, Thunnus spp.); tunny; Pacific bluefin tuna (edible fish, Thunnus orientalis); dead lay; starfish"
3225,ミート,mīto,21,meat; hitting the ball squarely; matching correctly (e.g. engaging a clutch)
3227,ロース,rōsu,21,sirloin; pork loin
3228,ワールド,wārudo,21,world
3361,アツ,atsu,20,
3362,ウマイ,umai,20,
3363,エナジー,enajī,20,energy
3364,コード,kōdo,20,code; cord; chord
3365,ダイソー,daisō,20,
3366,チリ,chiri,20,Chile
3367,トランプ,toranpu,20,(Western) playing cards
3368,ピン,pin,20,"pin (e.g. hairpin, bowling pin, golf pin, etc.); one (on dice, in cards, etc.); beginning; best; kickback"
3369,フェス,fesu,20,"festival (esp. music, film, etc.)"
3370,フライ,furai,20,deep-fried food; fly ball; fly (esp. in fishing bait); flying
3371,マン,man,20,man; counter for character tiles
3373,レア,rea,20,rare; uncommon; unusual; lightly cooked; rhea (bird of family Rheidae)
3374,ロボット,robotto,20,robot; (mere) puppet; pawn; figurehead
3482,アイスクリーム,aisukurīmu,19,ice cream; icecream
3483,アウトドア,autodoa,19,outdoor; al fresco
3484,アフリカ,afurika,19,Africa
3485,イタリア,itaria,19,Italy
3486,イチゴ,ichigo,19,"strawberry (esp. the garden strawberry, Fragaria x ananassa)"
3487,イン,in,19,"in (of a ball, in tennis, etc.); inside the line; in; inside; internal"
3488,インタビュー,intabyū,19,"interview (i.e. television, newspaper, etc.)"
3489,インドネシア,indoneshia,19,Indonesia
3490,ガス,gasu,19,"gas (state of matter, e.g. poison gas, natural gas); gasoline; gas; petrol; dense fog"
3491,キムチ,kimuchi,19,kimchi; kimchee; spicy Korean pickled cabbage; Korea; Korean
3492,コンセプト,konseputo,19,concept; general idea; notion; intention; aim
3493,スタンプ,sutanpu,19,stamp; sticker (in messaging apps); (large) emoji; stump (cricket)
3494,チン,chin,19,ding (of a bell); bing; ting; tinkle; ring
3495,テープ,tēpu,19,tape
3496,デビュー,debyū,19,debut; doing something for the first time; starting anew; starting afresh
3497,ドア,doa,19,"door (Western-style, car, etc.)"
3498,ハマス,hamasu,19,Hamas (Palestinian Islamic fundamentalist group)
3499,ハンパ,hanpa,19,
3500,パフェ,pafe,19,parfait
3501,パンチ,panchi,19,"punch (with the fist); punching (a hole); hole punch; punch (drink); punch (in a song, speech, etc.)"
3502,ヒット,hitto,19,hit; base hit; safe hit; single; success
3504,ピッタリ,pittari,19,tightly; closely; exactly; precisely; suddenly (stopping)
3505,マーク,māku,19,mark; symbol; insignia; logo; label
3506,ヤング,yangu,19,young; youth; young person
3507,ルラ,rura,19,
3508,ロビー,robī,19,lobby; lounge
3644,アクセント,akusento,18,"accent (on a syllable, word); stress; pitch accent; intonation; inflection"
3645,イラン,iran,18,Iran; castor oil plant (Ricinus communis)
3646,ウェア,uea,18,wear; clothing; dress; ware; goods
3647,カロリー,karorī,18,calorie
3648,キャベツ,kyabetsu,18,cabbage (Brassica oleracea)
3649,コスパ,kosupa,18,cost performance; cost effectiveness; price-performance ratio; value for money; bang for one's buck
3650,サークル,sākuru,18,group with a common interest (e.g. students); club (e.g. company sports club); circle; circle (shape)
3651,シングルス,shingurusu,18,"singles (tennis, badminton, etc.); single people; unmarried people; singles (musical album)"
3652,シート,shīto,18,seat; sheet
3653,スッキリ,sukkiri,18,refreshingly; with a feeling of relief; pleasantly; (a weight) off one's shoulder; shapely
3654,センチ,senchi,18,centimeter; centimetre; centi-; 10^-2; sentimental
3655,ダブルス,daburusu,18,"doubles (tennis, badminton, etc.)"
3656,データ,dēta,18,data; datum
3657,ピンク,pinku,18,pink; erotic (usually used in relation to the sex industry); blue; pornographic
3658,ホット,hotto,18,hot
3659,ホルモン,horumon,18,hormone; cows' or pigs' offal (entrails)
3660,ワイン,wain,18,wine
3816,ウサギ,usagi,17,rabbit; hare; coney; cony; lagomorph (esp. leporids)
3817,オール,ōru,17,oar; all; (pulling an) all-nighter; staying up all night long
3818,キット,kitto,17,kit
3819,キープ,kīpu,17,to keep; to put aside (for somebody); to keep possession (usu. the ball in sports); to hold one's service (tennis); quipu
3820,クレープ,kurēpu,17,crêpe
3821,グミ,gumi,17,oleaster (any plant of genus Elaeagnus); silverberry (US); gummi; gummi candy; gummi drop
3822,グラス,gurasu,17,glass (drinking vessel); glass (material); glasses (eyewear); grass
3823,コイン,koin,17,coin; token; slug
3824,サイゼリヤ,saizeriya,17,
3825,サンド,sando,17,sand; sandwich
3826,ジュニア,junia,17,junior
3828,トン,ton,17,"ton (now usu. a metric ton, i.e. 1,000kg); tonne; dot (in Morse code); east wind tile; winning hand with a pung (or kong) of east wind tiles"
3829,トーナメント,tōnamento,17,tournament
3830,ドミノ,domino,17,domino (game); dominoes; domino effect
3831,ハッキリ,hakkiri,17,clearly; plainly; distinctly; to be clear; to be definite
3832,ハードル,hādoru,17,hurdle; hurdle race; hurdles; obstacle
3833,パフォーマンス,pafōmansu,17,"performance (e.g. music, dance, pantomime, etc.)"
3834,パートナー,pātonā,17,partner
3835,ピアノ,piano,17,piano
3836,フレーバー,furēbā,17,flavor; flavour
3837,プール,pūru,17,(swimming) pool; pool (billiards); pool (together)
3838,メチャメチャ,mechamecha,17,disorderly; messy; ruined; absurd; unreasonable
3839,モデル,moderu,17,model; dummy; mock-up; model (profession); fashion model
3840,レンジ,renji,17,range; stove; cooker; microwave oven
3990,アドバイス,adobaisu,16,advice
3991,アレ,are,16,
3992,イギリス,igirisu,16,United Kingdom; Britain; Great Britain; England
3993,イスラム,isuramu,16,Islam
3994,エピソード,episōdo,16,episode; anecdote; vignette
3995,オモニ,omoni,16,mother
3996,オーケー,ōkē,16,OK; okay
3997,カラー,karā,16,collar; color; colour; hair colouring (coloring); calla (variety of arum lily)
3998,ガッツリ,gattsuri,16,firmly; plentifully; with all one's might
3999,サッパリ,sappari,16,
4000,サン,san,16,sun; saint; San (people); son; three
4001,シェイク,shieiku,16,shake; sheikh; sheik
4002,シャワー,shawā,16,shower
4003,ショー,shō,16,show
4004,タワー,tawā,16,tower
4005,トレーナー,torēnā,16,trainer (someone who works with sports athletes); sweatshirt
4006,トレーニング,torēningu,16,training
4007,ドレッシング,doresshingu,16,dressing; putting on clothes
4008,ハイボール,haibōru,16,highball; whisky and soda
4009,バック,bakku,16,back; backing; going backwards; reversing; background
4010,パンツ,pantsu,16,underpants; pants; briefs; panties; shorts
4011,ビジネス,bijinesu,16,business
4012,フロア,furoa,16,floor
4013,ブラック,burakku,16,black; black (coffee); without cream or milk; exploitative (of one's employees); immoral
4014,ブーム,būmu,16,boom; rage; fad; cross-arm
4015,プラスチック,purasuchikku,16,plastic
4016,ペットボトル,pettobotoru,16,PET bottle (clear plastic beverage bottle)
4017,ペース,pēsu,16,pace
4019,ポスト,posuto,16,postbox; mailbox; mail box; pillar box; post
4020,メリット,meritto,16,advantage; benefit; merit
4021,メロン,meron,16,"melon (esp. a muskmelon, Cucumis melo)"
4022,レモン,remon,16,lemon
4202,アマゾン,amazon,15,"Amazon (river, rainforest etc.); Amazon (woman of Greek mythology)"
4203,アラブ,arabu,15,Arab
4204,アレンジ,arenji,15,"arrangement (music, objects, etc.); organization; adaptation"
4205,オイル,oiru,15,oil; petroleum; lubricant; grease; (cooking) oil
4206,オリーブ,orību,15,olive
4207,カルビ,karubi,15,kalbi; Korean-style marinated barbecued ribs
4208,クマ,kuma,15,bear (any mammal of family Ursidae)
4209,クリーミー,kurīmī,15,creamy (in flavor or texture)
4210,コール,kōru,15,(telephone) call; (telephone) ring; shout; call; chant
4211,コーン,kōn,15,cone; corn
4212,サッカーレノファ,sakkārenofa,15,
4213,ジャパン,japan,15,Japan
4214,ジューシー,jūshī,15,juicy (i.e. having lots of juice or liquid); Okinawan rice gruel meal
4215,スター,sutā,15,"star (cinema, sports, etc.); celebrity; idol; star symbol; asterisk"
4216,ストア,sutoa,15,store; shop; stoa (classical Greek colonnade or portico); Stoic
4217,スマ,suma,15,
4218,スルー,surū,15,ignoring; looking the other way; letting pass; passing through; going through
4219,セン,sen,15,stopper; bottle cap
4220,ソーセージ,sōsēji,15,sausage
4221,タオル,taoru,15,towel
4222,タンク,tanku,15,tank (of liquid); tank (military vehicle)
4223,チャーハン,chāhan,15,Chinese-style fried rice
4224,ハウス,hausu,15,"house; plastic greenhouse; house music; go to your kennel (cage, bed, etc.)!"
4225,バスケットボール,basukettobōru,15,basketball
4226,パソコン,pasokon,15,personal computer
4227,ピース,pīsu,15,peace; peas; piece; peace sign; V sign
4228,ファミレス,famiresu,15,family restaurant
4229,フェスタ,fesuta,15,festival
4230,プレ,pure,15,pre-
4231,ヘルメット,herumetto,15,helmet; hard hat; protective headgear
4232,マス,masu,15,"mass; mass (media, production, etc.); masturbation; measuring container; measure"
4233,マッチ,matchi,15,match (to light fire with); match (contest); to match with; to go well with
4234,ミス,misu,15,mistake; error; failure; Miss; myth
4430,オーラ,ōra,14,aura
4431,クイズ,kuizu,14,quiz
4432,コスト,kosuto,14,cost
4433,コピー,kopī,14,copy; photocopy; blurb on a book jacket; catch copy
4434,コンテスト,kontesuto,14,contest
4435,サンドイッチ,sandoitchi,14,sandwich
4436,シンポジウム,shinpojiumu,14,symposium
4437,シーン,shīn,14,scene; sight; scenario; setting; silently (as the grave)
4438,ジャーナリスト,jānarisuto,14,journalist
4439,スイカ,suika,14,"watermelon (Citrullus lanatus); Suica (rechargeable prepaid IC card that can be used as a train pass in the greater Tokyo, Osaka and Sendai regions and also as electric money in some stores)"
4440,スピード,supīdo,14,speed
4441,スペシャル,supesharu,14,special; TV special
4442,スローガン,surōgan,14,slogan
4443,ズバリ,zubari,14,decisively; decidedly; boldly; once and for all; unreservedly
4444,ソフトテニス,sofutotenisu,14,soft tennis (using soft rubber balls instead of hard yellow balls)
4445,タイヤ,taiya,14,tire; tyre
4446,ダブル,daburu,14,double; double bed; hotel room with a double bed; double-breasted; double-cuffed
4447,トンネル,tonneru,14,tunnel; to tunnel (through a potential barrier); letting a grounder go through one's legs
4448,ナポリ,napori,14,
4449,ネーミング,nēmingu,14,naming (esp. of a commercial product or company); branding
4450,ビュッフェ,byuffe,14,buffet; self-service meal
4451,ファッション,fasshon,14,fashion
4452,フェスティバル,fesuteibaru,14,"festival (esp. music, film, etc.)"
4453,プログラム,puroguramu,14,"program (of events, music, etc.); programme; program (booklet); brochure; pamphlet"
4454,ミスド,misudo,14,
4455,ミュージアム,myūjiamu,14,museum
4456,メガネ,megane,14,glasses; eyeglasses; spectacles; judgment; judgement
4457,メジャー,mejā,14,major; large; important; famous; mainstream
4458,メンチ,menchi,14,minced meat; ground meat
4459,モス,mosu,14,mousseline de laine; light woollen fabric; muslin de laine; delaine; moth
4460,ラオス,raosu,14,Laos
4461,ラジオ,rajio,14,radio
4462,リリース,rirīsu,14,"release (of a film, music album, software, etc.); publication; release; liberation; setting free"
4463,リーダー,rīdā,14,leader; reader; reading book; reader (i.e. someone who reads); microreader
4464,ローカル,rōkaru,14,local
4700,アイヌ,ainu,13,Ainu
4701,アリーナ,arīna,13,arena
4702,イオン,ion,13,ion
4703,インスタント,insutanto,13,instant
4704,オフ,ofu,13,switching off (e.g. electricity); turning off (e.g. water); off-season; offset; off-road
4705,オフィス,ofisu,13,office
4706,カバー,kabā,13,cover; covering; dust jacket; cover song; cover version
4707,キング,kingu,13,king
4708,キー,kī,13,"key (lock, keyboard, piano, clue, island, cay, etc.); chi; screech; squeak; squeal"
4709,キーホルダー,kīhorudā,13,keychain; key chain; key ring (encryption)
4710,クッキー,kukkī,13,cookie; biscuit; cookie (browser-related file sent from a WWW server)
4711,グローバル,gurōbaru,13,global
4712,サイゼ,saize,13,
4713,シニア,shinia,13,senior
4714,ジャンプ,janpu,13,"jump; jumping event (skiing, track and field); jumping (to another page after clicking a hyperlink); jump (in price); sudden rise"
4715,ジャンル,janru,13,genre
4716,ジュース,jūsu,13,"juice; soft drink (usu. fruit-based); sweetened drink; deuce (tennis, cards, dice, etc.)"
4717,スパイ,supai,13,spy
4718,タップ,tappu,13,tap; faucet; tapping (on a touchscreen); tap dance; tap (electrical)
4719,タバコ,tabako,13,tobacco; cigarette; cigaret; cigar; tobacco plant (Nicotiana tabacum)
4720,チャン,chan,13,asphalt; bitumen; counter for games of mahjong
4721,チャーシュー,chāshū,13,roasted pork fillet (often used in ramen)
4722,ツン,tsun,13,
4723,ドトール,dotōru,13,
4724,ナゲット,nagetto,13,"nugget (e.g. gold, chicken, fish)"
4725,バイト,baito,13,part-time job; side job; byte; octet; cutting tool
4726,バニラ,banira,13,vanilla
4727,バージョン,bājon,13,version
4728,パティ,patei,13,patty (e.g. beef)
4729,パンフレット,panfuretto,13,brochure; pamphlet
4730,ビニール,binīru,13,vinyl; vinyl record
4731,フラペチーノ,furapechīno,13,Frappuccino (Starbucks brand of iced coffee)
4732,ボディ,bodi,13,body; body blow (in boxing)
4733,モチーフ,mochīfu,13,motif
4734,モンゴル,mongoru,13,Mongolia
4735,ランキング,rankingu,13,ranking; toplist (e.g. of WWW sites)
4736,リクエスト,rikuesuto,13,request
4737,リング,ringu,13,ring
4738,リーズナブル,rīzunaburu,13,reasonable (esp. price)
4739,レンタル,rentaru,13,rental
4740,ローン,rōn,13,loan; roan; lawn (i.e. short grass); lawn (type of cotton cloth)
4984,アイデア,aidea,12,idea
4985,アウトレット,autoretto,12,"outlet (store that sells seconds, discontinued lines, etc.); electrical outlet"
4986,アカデミー,akademī,12,academy; academia
4987,エビ,ebi,12,prawn; shrimp; lobster; crayfish
4988,エン,en,12,
4989,オッサン,ossan,12,middle-aged man; Buddhist priest
4990,オーバー,ōbā,12,overcoat; exceeding; going over; going beyond; exaggerated
4991,カッコ,kakko,12,brackets; parentheses; shape; form; figure
4992,カラオケ,karaoke,12,karaoke
4993,カーリング,kāringu,12,curling
4995,ガスト,gasuto,12,gust
4996,キャラ,kyara,12,(fictional) character; character; personality; persona
4997,ギフト,gifuto,12,gift
4998,ギリギリ,girigiri,12,just barely; only just; at the very limit; at the last moment; grinding (sound)
4999,クラフト,kurafuto,12,craft; crafting; handcrafted article; kraft paper
5000,クリア,kuria,12,"clear; clearing (a bar, hurdle, etc.); overcoming; getting through; getting past"
5001,クリック,kurikku,12,click
5002,グランプリ,guranpuri,12,Grand Prix
5003,ケア,kea,12,care; kea (Nestor notabilis)
5004,ゴディバ,godiba,12,
5005,サポーター,sapōtā,12,supporter (e.g. wrist supporter); athletic supporter; jockstrap; supporter (esp. of soccer); backer
5006,シティ,shitei,12,city
5007,スゴイ,sugoi,12,terrible; dreadful; amazing (e.g. of strength); great (e.g. of skills); wonderful
5008,チャット,chatto,12,(Internet) chat
5009,チャリティー,chariteī,12,charity
5010,ツリー,tsurī,12,tree (e.g. Christmas); tree structure; tree diagram
5011,トラブル,toraburu,12,trouble
5012,ハッピー,happī,12,happy
5013,パウダー,paudā,12,powder
5014,パス,pasu,12,"passing (a test, examination, etc.); pass (for admission, transport, etc.); ticket; pass (of a ball); (giving something a) pass"
5015,パレード,parēdo,12,parade
5016,パーツ,pātsu,12,part; component
5017,ヒレ,hire,12,fillet; tenderloin
5018,フジグラン,fujiguran,12,
5019,フライパン,furaipan,12,fry pan; frying pan
5020,ブチギレ,buchigire,12,livid
5021,ベトナム,betonamu,12,Vietnam
5022,ボトル,botoru,12,bottle
5023,ポテンシャル,potensharu,12,potential
5024,ポーチ,pōchi,12,porch; pouch
5025,マヨネーズ,mayonēzu,12,mayonnaise
5026,ムード,mūdo,12,mood
5027,モンスター,monsutā,12,monster; monstrosity; giant; influential figure; colossus
5028,ユネスコ,yunesuko,12,"United Nations Educational, Scientific and Cultural Organization; UNESCO"
5029,ライオンズクラブ,raionzukurabu,12,
5030,ラスト,rasuto,12,last; final; end; conclusion; rust
5031,ラック,rakku,12,rack; ruck (rugby); lac; luck
5032,リゾート,rizōto,12,resort
5033,レノファ,renofa,12,
5034,レン,ren,12,
5035,レース,rēsu,12,race; lace; lathe
5036,ワクワク,wakuwaku,12,trembling; getting nervous; excited; thrilled
5310,アンケート,ankēto,11,questionnaire; survey
5311,アーティスト,āteisuto,11,artist; musician
5312,インスタ,insuta,11,Instagram
5313,ウリ,uri,11,melon; gourd; we; us
5314,ウリハッキョ,urihakkyo,11,
5315,ガン,gan,11,gun; cancer; wild goose; glans; head of a penis
5316,キャンドル,kyandoru,11,candle
5317,グランド,gurando,11,"large; gland; ground (e.g. land, electrical, base material of textiles, etc.)"
5318,ケーブル,kēburu,11,cable
5319,ゲスト,gesuto,11,guest
5320,コミュニケーション,komyunikēshon,11,communication
5321,コンパクト,konpakuto,11,compact; compact (cosmetics); portable powder case
5322,コーラ,kōra,11,"cola (carbonated soft drink); kola tree (Cola acuminata, etc.); cola tree"
5323,ゴロゴロ,gorogoro,11,thundering; purring; grumbling (e.g. stomach); something large and heavy starting to roll; scattered about
5324,スクール,sukūru,11,school
5325,ステ,sute,11,
5326,ステップ,suteppu,11,step; steppe
5327,ストーリー,sutōrī,11,story; tale; legend; plot; storyline
5328,スマート,sumāto,11,"smart (clothing, etc.); stylish; slim; slender; skilful"
5329,スーツ,sūtsu,11,suit (clothing); suit (playing cards)
5330,ズラリ,zurari,11,in a row; in a line
5331,セルフ,serufu,11,self-service; self-
5332,ゼレンスキー,zerensukī,11,
5333,デパート,depāto,11,department store; department
5334,デリバリー,deribarī,11,delivery
5335,ナイス,naisu,11,nice; good; well-executed
5336,ナメ,name,11,
5337,ノー,nō,11,no; without; not needed; not allowed
5338,ハロウィン,harouin,11,Halloween
5339,ハード,hādo,11,hard; tough; hardware; hard disk
5340,バッチリ,batchiri,11,perfectly; right on the mark; spot on; bang on; enough
5341,バッテリー,batterī,11,battery; pitcher and catcher
5342,バトル,batoru,11,battle
5343,バレー,barē,11,volleyball; valley; ballet; barré (chord in guitar technique)
5344,パトロール,patorōru,11,patrol
5345,ピーク,pīku,11,peak; peek
5346,ファースト,fāsuto,11,first; first base; first baseman; fast
5347,フィンランド,finrando,11,Finland
5348,フォン,fon,11,phon (unit of loudness); fond; (soup) stock; phone
5349,ブラシ,burashi,11,brush; brushy; blush
5350,ブルー,burū,11,"blue (colour, color); sad; down (in the dumps)"
5351,ブロッコリー,burokkorī,11,broccoli
5352,プレイヤー,pureiyā,11,player
5353,ベテラン,beteran,11,person with a lot of experience; old hand; veteran (in a particular field)
5354,ベースボール,bēsubōru,11,baseball
5355,ホイップ,hoippu,11,"whip (cream, etc.); whipping; to whip; to whisk"
5356,ホスト,hosuto,11,"host (of a party, summit, etc.); host (of male host club)"
5357,ボルソナロ,borusonaro,11,
5358,マルシェ,marushie,11,
5359,マンゴー,mangō,11,mango (Mangifera indica)
5360,マーケット,māketto,11,market
5361,モスクワ,mosukuwa,11,Moscow (Russia)
5362,モール,mōru,11,mall; maul (in rugby); mole; Moor; molding
5363,リズム,rizumu,11,rhythm
5364,レタス,retasu,11,lettuce (Lactuca sativa)
5365,ロッテリア,rotteria,11,
5366,ロピア,ropia,11,
5367,ロースト,rōsuto,11,roast
5708,アクセス,akusesu,10,access
5709,アジサイ,ajisai,10,bigleaf hydrangea (Hydrangea macrophylla); French hydrangea
5710,アツアツ,atsuatsu,10,
5711,アメ,ame,10,American
5712,イヤ,iya,10,disagreeable; detestable; unpleasant; reluctant; ear
5713,ウニ,uni,10,sea urchin; seasoned sea urchin eggs
5714,エアコン,eakon,10,air con; air conditioner; air conditioning
5715,エジプト,ejiputo,10,Egypt
5716,エンジン,enjin,10,engine
5717,オーブン,ōbun,10,oven
5718,カナダ,kanada,10,Canada
5719,カラ,kara,10,
5720,ガソリン,gasorin,10,gasoline; petrol
5721,ガンガン,gangan,10,clanging; banging; booming; loudly; throbbing (headache)
5722,キツ,kitsu,10,
5723,ギャラクシー,gyarakushī,10,galaxy
5724,コシ,koshi,10,"lower back; waist; hips; lumbar region; body (of hair, noodle, paper, etc.)"
5725,コミュニティー,komyuniteī,10,community
5726,コラム,koramu,10,column (e.g. in newspaper); stand-alone feature article framed by a box
5727,コン,kon,10,
5728,コンテンツ,kontentsu,10,contents; content
5729,コントラスト,kontorasuto,10,contrast
5730,サイクル,saikuru,10,cycle
5731,サイン,sain,10,autograph; signature; sign; signal; indication
5732,サケ,sake,10,salmon (Salmonidae spp.); chum salmon (Oncorhynchus keta)
5733,サチエ,sachie,10,
5735,サブ,sabu,10,sub; substitute; reserve; backup; sub-
5736,シェア,shiea,10,sharing; share (on social media); market share
5737,シャキシャキ,shakishaki,10,crisp; crunchy; precise; clipped; brisk
5738,シャトレーゼ,shatorēze,10,
5739,シュート,shūto,10,"shooting (a ball); shot (on basket, at goal, etc.); shoot (of a tree or plant); chute; shuuto"
5740,ショコラ,shokora,10,chocolate
5741,シロップ,shiroppu,10,syrup
5742,ジブリ,jiburi,10,
5743,ジャ,ja,10,
5744,ジャケット,jaketto,10,jacket; book jacket; dust cover; CD jacket; record jacket
5745,スキル,sukiru,10,skill
5746,スタンダード,sutandādo,10,standard
5747,ストレス,sutoresu,10,stress
5748,ソフトボール,sofutobōru,10,softball
5749,タッチパネル,tatchipaneru,10,touch panel
5750,チカラ,chikara,10,
5751,テント,tento,10,tent
5752,ドライ,dorai,10,"dry; dry (tone, humour, etc.); unemotional; matter-of-fact; businesslike"
5753,ドラマ,dorama,10,(non-documentary) television series; TV drama; teledrama; play; drama
5754,ドリア,doria,10,"pilaf topped with bechamel or other cheese-based sauce, then oven baked"
5755,ドンキ,donki,10,
5756,ドーム,dōmu,10,dome
5757,ナイト,naito,10,night; knight
5758,ナンバーワン,nanbāwan,10,number one
5759,ノリ,nori,10,"nori; laver; edible seaweed, usu. Porphyra yezoensis or P. tenera, usu. dried and pressed into sheets; riding; ride"
5760,ノート,nōto,10,notebook; copy-book; exercise book; note; noting down
5762,バリエーション,bariēshon,10,variation
5763,フィールド,fīrudo,10,field
5764,フォト,foto,10,photo
5765,フラ,fura,10,hula (dance)
5766,フライドチキン,furaidochikin,10,fried chicken
5767,プレート,purēto,10,"plate (often as in ""tectonic plate"")"
5768,ヘイトクライム,heitokuraimu,10,hate crime
5769,ベッド,beddo,10,bed
5770,ベルト,beruto,10,"belt (waist, seat, etc.); strap; belt; zone; area"
5771,ボード,bōdo,10,board
5772,マクロン,makuron,10,macron (diacritical mark)
5773,ミックス,mikkusu,10,mix; mixed-race person; multiracial person
5774,メイク,meiku,10,make-up; making food (in a delivery-only restaurant); cooking
5775,メキシコ,mekishiko,10,Mexico
5776,メモ,memo,10,memo; note; memorandum
5777,モンブラン,monburan,10,Mont Blanc (chestnut and cream dessert)
5778,ヤギ,yagi,10,goat
5779,ヤバイ,yabai,10,dangerous; risky; awful; terrible; crap
5780,ヨーロッパ,yōroppa,10,Europe
5781,ライトアップ,raitoappu,10,lighting up; illumination; floodlighting
5782,ラベル,raberu,10,label (i.e. sticker); label (i.e. record label)
5783,ラリー,rarī,10,rally
5784,リンガーハット,ringāhatto,10,
5785,ルー,rū,10,roux (mixture of butter and flour used to make sauces); sauce made from such a mixture; (Japanese) curry powder; curry sauce made from this powder
5786,ロマン,roman,10,romance (e.g. Arthurian romances); heroic tale; (nigh) impossible dream; adventurous spirit; great undertaking
6144,アウト,auto,9,"out (of a ball, in tennis, etc.); outside the line; out; putout; outer"
6145,アンサンブル,ansanburu,9,ensemble; harmony (between performers); coordination; ensemble (of clothes); outfit
6147,イチ,ichi,9,
6148,イマイチ,imaichi,9,not quite (right); not very good; somewhat (lacking)
6149,インスタグラム,insutaguramu,9,Instagram
6150,エコ,eko,9,ecological; eco-
6151,エナドリ,enadori,9,
6152,オリジナルグッズ,orijinaruguzzu,9,
6153,オーナー,ōnā,9,owner
6154,カニ,kani,9,crab
6155,カラフル,karafuru,9,colorful; colourful
6156,カレンダー,karendā,9,calendar; calender (machine for flattening things)
6157,カート,kāto,9,(shopping) cart; kart; go-kart; khat; qat
6158,キム,kimu,9,
6159,キャンプ,kyanpu,9,camp
6160,ギガ,giga,9,giga-; 10^9; gigabyte; GB; data traffic (esp. on mobile phone)
6161,クオリティー,kuoriteī,9,quality
6162,クラ,kura,9,
6163,ココ,koko,9,
6164,ココナッツ,kokonattsu,9,coconut
6165,コツ,kotsu,9,knack; skill; trick; secret; know-how
6166,コミュニティ,komyunitei,9,community
6167,ゴールド,gōrudo,9,gold
6168,サイバー,saibā,9,cyber
6169,シャツ,shatsu,9,"shirt (underwear); undershirt; singlet; shirt (outerwear, esp. dress shirt)"
6170,ジム,jimu,9,gym; gymnasium
6171,スケジュール,sukejūru,9,schedule
6172,スチール,suchīru,9,"steel; steal (baseball, basketball); still (picture)"
6173,スナック,sunakku,9,"snack; light meal; snack bar (usu. an establishment that serves alcohol); snack food (esp. potato chips, popcorn, etc.); munchie"
6174,スライス,suraisu,9,slice
6175,ソックス,sokkusu,9,"socks; sulfur oxide (SO, SO2, etc.); sulphur oxide"
6176,ソロ,soro,9,solo
6177,タウン,taun,9,town
6178,ダレ,dare,9,"sauce (esp. soy or mirin-based dipping sauce); hanging; something hanging (flap, lappet, etc.); (kendo) loin guard; kanji radical enclosing the top-left corner of a character"
6179,ダンボール,danbōru,9,(corrugated) cardboard
6180,チャオス,chaosu,9,
6181,ツイッター,tsuittā,9,Twitter
6182,ツッコミ,tsukkomi,9,thrust; charge; penetration; digging into (a matter); depth
6183,ディズニー,dizunī,9,Disney
6184,デッキ,dekki,9,"deck (e.g. ship, tape, cassette, observation, train vestibule, etc.)"
6185,ドジャース,dojāsu,9,
6186,ドライブ,doraibu,9,drive; trip by car; driving; to (go for a) drive; to go on a trip by car
6187,ドラゴン,doragon,9,dragon (as depicted in Western myths)
6188,ハット,hatto,9,hat; hut
6189,バイキング,baikingu,9,Viking; smorgasbord; buffet; smorgasbord (of things); hodge-podge
6190,バブル,baburu,9,bubble; bubble economy
6191,バリバリ,baribari,9,tearing; ripping; scratching; crunching; munching
6192,バレンタイン,barentain,9,Valentine
6193,ヒートテック,hītotekku,9,
6194,ヒーロー,hīrō,9,hero
6195,ビデオ,bideo,9,video
6196,ビーフカレー,bīfukarē,9,beef curry
6197,ピクルス,pikurusu,9,pickles
6198,ファイル,fairu,9,file
6199,ファミリーマート,famirīmāto,9,
6200,フォロー,forō,9,"follow; following (on social media, esp. Twitter); follow-up; following up; backing-up"
6201,フライドポテト,furaidopoteto,9,French fries; chips
6202,フル,furu,9,full
6203,フロンティア,furonteia,9,frontier
6204,フロント,furonto,9,"front (aspect, weather, war-front, etc.); reception (e.g. in a hotel); front desk; front office; team management"
6205,ブドウ,budou,9,grape; grapevine
6206,プログラミング,puroguramingu,9,programming; programing
6207,ヘルシー,herushī,9,healthy
6208,ベネズエラ,benezuera,9,Venezuela
6209,ボス,bosu,9,"boss; leader; head; boss (difficult enemy in a video game, usu. at the end of a section or level)"
6210,ポケット,poketto,9,pocket
6211,ポップ,poppu,9,pop; signage; display; billboard (as used to decorate arcade games)
6212,マイ,mai,9,my; one's own; personal; privately owned
6213,マイナス,mainasu,9,minus; negative (quantity); subtraction; taking away; deficit
6214,マサイ,masai,9,Masai (people); Maasai
6215,マシ,mashi,9,better; preferable; less objectionable; least-worst; more
6216,マシン,mashin,9,machine
6217,マズ,mazu,9,
6218,マツダ,matsuda,9,
6219,マネー,manē,9,money
6220,ミカン,mikan,9,mandarin (esp. the satsuma mandarin (Citrus unshiu)); mandarin orange; tangerine; clementine; satsuma
6221,メッチャ,metcha,9,
6222,モバイル,mobairu,9,mobile
6223,ライチ,raichi,9,litchi (Nephelium litchi); lychee
6224,ライブハウス,raibuhausu,9,"shop, bar, etc. where live jazz, pop, rock, etc. is performed; live music club"
6225,ラテ,rate,9,latte; caffè latte; radio and television; rat (esp. laboratory or pet)
6226,ラム,ramu,9,lamb; lamb (meat); random-access memory; RAM; rum
6227,ランダム,randamu,9,random; random sampling
6228,リアルター,riarutā,9,
6229,レポート,repōto,9,report; paper; reportage
6230,レーン,rēn,9,lane; rain; reinforcement
6231,ロサンゼルス,rosanzerusu,9,Los Angeles
6232,ローマ,rōma,9,Rome
6233,ワカサギ,wakasagi,9,Japanese pond smelt (Hypomesus nipponensis)
6234,ワッフル,waffuru,9,waffle
6676,アクセサリー,akusesarī,8,"accessory (fashion); jewelry; accessory (audio, car, camera, etc.)"
6677,アナウンス,anaunsu,8,announcement (esp. over public-address system); official announcement; formal information release
6678,アホ,aho,8,fool; idiot; simpleton
6679,アラート,arāto,8,alert; warning
6680,アルバイト,arubaito,8,part-time job; side job; part-time worker; albite
6681,アーケード,ākēdo,8,arcade (street)
6682,イートイン,ītoin,8,consuming food and drink in restaurant (as opposed to taking it home)
6683,ウェイ,uei,8,way
6684,エクスプレス,ekusupuresu,8,express
6685,エスプレッソ,esupuresso,8,espresso (coffee); expresso
6686,エンゼルス,enzerusu,8,
6687,エントリー,entorī,8,"entry (into an event, competition, etc.); applying for entry; registering to participate; entry (on a blog); post"
6688,オリチキ,orichiki,8,
6689,カスタマイズ,kasutamaizu,8,customization; customisation
6690,カスタム,kasutamu,8,custom; made or built to order; customs (government agency)
6691,カフェイン,kafein,8,caffeine
6692,カルボナーラ,karubonāra,8,(spaghetti alla) carbonara
6693,カン,kan,8,can; tin; canned food; forming a four-of-a-kind; declaring a kong
6694,キャッチ,kyatchi,8,catch; catching; obtaining (e.g. information); receiving (e.g. radio transmission or phone call); shop tout
6695,キャンパス,kyanpasu,8,campus
6696,キレ,kire,8,
6697,クソ,kuso,8,damn; damn it; shit; crap; feces
6698,クッション,kusshon,8,cushion
6699,ググ,gugu,8,
6700,ケンタ,kenta,8,Kentucky Fried Chicken; KFC
6701,ココス,kokosu,8,
6702,コメ,kome,8,"(husked grains of) rice; staple (product, etc.); necessity; comment (on a website, etc.)"
6703,コレクション,korekushon,8,collection; correction
6704,コースター,kōsutā,8,roller coaster; coaster (small mat for drinks); coaster brake
6705,サブスク,sabusuku,8,subscription
6706,サマー,samā,8,summer
6707,サーカス,sākasu,8,circus
6708,サーモン,sāmon,8,salmon
6709,シャンプー,shanpū,8,shampoo
6710,ショック,shokku,8,"shock (psychological); crisis (esp. financial); shock (physical, mechanical); shock (e.g. due to lack of blood flow)"
6711,ショッピング,shoppingu,8,shopping
6712,シール,shīru,8,seal; sticker
6713,ジャズ,jazu,8,jazz
6714,ジャム,jamu,8,jam
6715,ジョッキ,jokki,8,beer mug; stein; tankard
6716,スカイ,sukai,8,sky
6717,スタンド,sutando,8,stands; bleachers; stand (e.g. newspaper stand); counter (e.g. lunch counter); stand (e.g. inkstand)
6718,スティック,suteikku,8,stick
6719,ステーキガスト,sutēkigasuto,8,
6720,ストップ,sutoppu,8,stop
6721,スペイン,supein,8,Spain
6722,スムーズ,sumūzu,8,smooth
6723,スーザン,sūzan,8,
6724,センス,sensu,8,"taste (in fashion, music, etc.); sense (e.g. of humour); flair"
6726,ゾーン,zōn,8,zone
6727,タルタルソース,tarutarusōsu,8,tartar sauce; tartare sauce
6728,ダイジェスト,daijiesuto,8,digest
6729,ダウンロード,daunrōdo,8,download
6730,ダン,dan,8,done; just done; just finished; (number of) outs
6731,チップ,chippu,8,tip; gratuity; chip; microchip; poker chip
6732,チャイ,chai,8,chai; spiced Indian tea (usu. boiled in milk)
6733,テスト,tesuto,8,examination; quiz; test; tryout; trial
6734,ドリップ,dorippu,8,drip; drop; drip coffee
6735,ドン,don,8,Don (Spanish honorific); dong (Vietnamese currency); bang; bam; boom
6736,ナイフ,naifu,8,knife
6737,ナシ,nashi,8,"nashi (Pyrus pyrifolia, esp. var. culta); Japanese pear; Asian pear; sand pear; apple pear"
6738,ニオイ,nioi,8,
6739,ニュー,nyū,8,new; nu
6740,ネコ,neko,8,"cat (esp. the domestic cat, Felis catus); shamisen; geisha; wheelbarrow; clay bed-warmer"
6741,ハクチョウ,hakuchou,8,swan (Cygnus spp.); white-feathered bird
6742,ハム,hamu,8,"ham (cured pig meat); ham (amateur radio enthusiast); hum (of a TV, radio, etc.)"
6743,ハンド,hando,8,hand; handball (soccer foul)
6744,ハンドボール,handobōru,8,handball
6745,ハート,hāto,8,heart
6746,バチカン,bachikan,8,clasp or ring for attaching a pendant to a chain; Vatican
6747,バラエティ,baraetei,8,variety
6748,パクチー,pakuchī,8,coriander (Coriandrum sativum); cilantro; dhania; Chinese parsley
6749,パチンコ,pachinko,8,pachinko; mechanical gambling game superficially resembling pinball; slingshot; catapult; pistol
6750,パンケーキ,pankēki,8,pancake
6751,ヒント,hinto,8,hint
6752,ピリ,piri,8,period; full stop; piri; Korean double reed instrument
6753,フォーク,fōku,8,fork; forkball; folk (esp. music); folk song
6754,フレッシュ,furesshu,8,fresh; (liquid) non-dairy creamer; coffee whitener
6755,フワフワ,fuwafuwa,8,"lightly (floating, drifting, etc.); buoyantly; soft; fluffy; spongy"
6756,ブリ,buri,8,"Japanese amberjack (species of yellowtail, Seriola quinqueradiata)"
6757,プライド,puraido,8,pride
6758,プロデュース,purodeyūsu,8,"to produce (e.g. movie, play, show, event, musical recording, etc.); to design (e.g. new commercial product, restaurant concept, etc.); to create; production; creation"
6759,プロフィール,purofīru,8,profile
6760,ヘイト,heito,8,hate; hate crime; hate speech; racism; racially motivated hate
6761,ヘイトスピーチ,heitosupīchi,8,hate speech
6762,ベーコン,bēkon,8,bacon
6763,ペイトリオッツ,peitoriottsu,8,
6764,ホッケ,hokke,8,arabesque greenling (Pleurogrammus azonus); Okhotsk Atka mackerel
6765,ボリューミー,boryūmī,8,"voluminous (hair, clothing, etc.); hearty (meal); filling; bulky; full"
6766,ボート,bōto,8,boat; rowing boat
6768,マイルド,mairudo,8,mild
6769,マシュマロ,mashumaro,8,marshmallow
6771,ミニチュア,minichua,8,miniature
6772,ムーン,mūn,8,moon
6773,ヨシ,yoshi,8,common reed (Phragmites australis)
6774,ラスベガス,rasubegasu,8,
6775,ラッシュ,rasshu,8,"rush; rush hour; rush print (in films, anime, etc.); lighter aboard ship; LASH"
6776,ラップ,rappu,8,cling film; plastic wrap; cling wrap; wrapping (something up); link access protocol
6777,ランチタイム,ranchitaimu,8,lunchtime
6778,リスト,risuto,8,list; wrist
6779,リンク,rinku,8,link; directory entry; rink
6780,リンゴ,ringo,8,apple (fruit); apple tree (Malus pumila)
6781,ルーツ,rūtsu,8,roots
6782,ロゴ,rogo,8,logo; Logo (programming language)
6783,ロス,rosu,8,loss; feeling of loss; Los Angeles
6784,ロック,rokku,8,lock; roc (mythological bird); rock (music); rock; boulder
6785,ワイルド,wairudo,8,wild
7317,アイドル,aidoru,7,entertainer (esp. boy band or girl group member) whose image is manufactured to cultivate a dedicated consumer fan following; Japanese idol; (cultural) icon; idol; star
7318,アクリル,akuriru,7,"acrylic (esp. acrylic fibre, fiber)"
7319,アサヒ,asahi,7,
7320,アルミ,arumi,7,aluminum (Al); aluminium
7321,アワード,awādo,7,award
7322,インストール,insutōru,7,installation (esp. software)
7323,インナー,innā,7,inner; underwear; undergarment; innerwear
7325,エア,ea,7,air
7326,エキス,ekisu,7,"extract (of plants, meat, etc.); essence"
7327,エスカレーター,esukarētā,7,escalator
7328,エース,ēsu,7,ace (playing card); ace (of a team); leading player; ace; hotshot
7329,オムライス,omuraisu,7,omurice; fried rice wrapped in or topped with omelette
7330,カタール,katāru,7,Qatar
7331,カッコイイ,kakkoī,7,attractive; good-looking; stylish; cool; smooth
7332,カヌー,kanū,7,canoe
7333,カリッ,karitsu,7,
7335,ガイドライン,gaidorain,7,guideline
7336,ガトーショコラ,gatōshokora,7,chocolate cake
7337,キタ,kita,7,
7338,キノコ,kinoko,7,mushroom
7339,キメ,kime,7,
7340,キャップ,kyappu,7,"cap (headwear); cap (of a bottle, pen, etc.); leader; chief; head"
7341,キャリア,kyaria,7,"career; carrier (disease, signal, warship, etc.); carrier; telephone company; career government employee"
7342,キリン,kirin,7,giraffe (Giraffa camelopardalis); qilin (Chinese unicorn); Kirin (brand of beer); horse that can ride 1000 ri in a day
7343,ギュッ,gyutsu,7,
7344,クリスピー,kurisupī,7,crispy
7345,クリーナー,kurīnā,7,cleaner
7346,ゲリラ,gerira,7,guerrilla; guerrilla warfare; sudden
7347,コメンテーター,komentētā,7,commentator
7348,コンビネーション,konbinēshon,7,combination
7349,コーチ,kōchi,7,coach
7351,サク,saku,7,block (usu. of fish for sashimi)
7352,サクッ,sakutsu,7,with a crunching or grinding sound; quickly; promptly; abruptly; simply
7353,サハリン,saharin,7,
7354,シェフ,shiefu,7,chef
7355,シェーキーズ,shiēkīzu,7,
7356,シチュー,shichū,7,stew
7357,シメ,shime,7,hawfinch (Coccothraustes coccothraustes)
7358,シャボン,shabon,7,soap
7359,シュークリーム,shūkurīmu,7,cream puff
7360,ショート,shōto,7,short; shortstop; short (circuit); short hair; short selling
7361,シンボル,shinboru,7,symbol
7362,ジョナサン,jonasan,7,
7363,スクリーン,sukurīn,7,screen
7364,ストリート,sutorīto,7,street
7365,ストロー,sutorō,7,drinking straw; straw
7366,スポンジ,suponji,7,sponge
7367,スリッパ,surippa,7,slipper; slippers
7368,セントラル,sentoraru,7,central
7369,セール,sēru,7,sale
7370,タケノコ,takenoko,7,
7371,タダ,tada,7,ordinary; common; usual; free of charge; unaffected
7372,タトゥー,tatoū,7,tattoo (esp. not traditional Japanese)
7373,タマネギ,tamanegi,7,onion (Allium cepa)
7374,ターン,tān,7,turn
7375,ダック,dakku,7,dock; duck
7376,チカ,chika,7,
7377,チラシ,chirashi,7,scattering; leaflets; sushi rice in a box or bowl with a variety of ingredients sprinkled on top; writing in an irregular hand
7378,テクニック,tekunikku,7,technique
7379,テーマパーク,tēmapāku,7,theme park
7380,デメリット,demeritto,7,disadvantage; drawback; demerit
7381,デー,dē,7,day (as in holiday); daytime
7382,トムヤムクン,tomuyamukun,7,tom yum goong (Thai soup dish)
7383,トレ,tore,7,training; practice; workout
7384,トースター,tōsutā,7,toaster
7385,ドス,dosu,7,disk operating system; DOS; dagger; dirk; knife
7386,ナイロビ,nairobi,7,Nairobi (Kenya)
7387,ナカヤ,nakaya,7,
7388,ネタニヤフ,netaniyafu,7,
7389,ノシャップ,noshappu,7,
7390,ノーマル,nōmaru,7,normal
7391,ハゲ,hage,7,baldness; bald head; bald person; baldy; idiot
7392,ハン,han,7,khan (medieval ruler of a Tatary tribe); han; fan; unit that doubles the score of a hand
7393,バリ,bari,7,burr (e.g. on a machined edge)
7394,バンコク,bankoku,7,Bangkok (Thailand)
7395,バンズ,banzu,7,(hamburger) buns; bun
7396,パイナップル,painappuru,7,pineapple (Ananas comosus)
7397,パイプ,paipu,7,"pipe; tube; channels, official or otherwise; (business) connections; tobacco pipe"
7398,パパ,papa,7,papa; dad; daddy; sugar daddy
7399,パンチョ,pancho,7,
7400,パートナーシップ,pātonāshippu,7,partnership
7401,ヒズボラ,hizubora,7,Hizbollah; Hezbollah; Hisbollah; Hizballah
7402,ビエンナーレ,biennāre,7,biennale (biennial art exhibition)
7403,ピックアップ,pikkuappu,7,choice; selection; picking out (from a larger list); pickup (phonograph); stylus bar
7404,ピーナッツ,pīnattsu,7,peanut
7405,ピーマン,pīman,7,bell pepper; green pepper; pimiento; pimento; capsicum
7406,フィッシング,fisshingu,7,fishing; phishing
7407,フェイス,feisu,7,face; faith; belief
7408,ブチ,buchi,7,
7409,ブック,bukku,7,book
7410,ブラ,bura,7,bra
7411,ブル,buru,7,bull; bulldog; bulldozer; bourgeois; bourgeoisie
7412,ブレンド,burendo,7,blend
7413,プッシュ,pusshu,7,push
7414,プライベート,puraibēto,7,private; personal life; (one's) privacy
7415,ヘア,hea,7,hair (of the head); pubic hair
7416,ヘッド,heddo,7,head
7417,ペア,pea,7,pair; pair-oared boat; pear
7418,ペイ,pei,7,pay; salary; to pay (off); to be profitable; heroin
7419,ペット,petto,7,pet; trumpet; polyethylene terephthalate; PET; positron emission tomography
7420,ペロリ,perori,7,
7421,ペースト,pēsuto,7,"paste (food, text, adhesive, etc.)"
7422,ホウエンツアー,houentsuā,7,
7423,ホットドッグ,hottodoggu,7,hot dog
7424,ボーナス,bōnasu,7,bonus
7425,ボールペン,bōrupen,7,ball-point pen
7426,ポテトチップス,potetochippusu,7,potato chips; potato crisps
7427,マグカップ,magukappu,7,mug
7428,マジック,majikku,7,magic; Magic Marker; felt-tip pen; permanent marker; magic number
7429,マチ,machi,7,
7430,マフラー,mafurā,7,muffler; scarf; comforter; muffler (for a vehicle exhaust); silencer
7431,ミニストップ,minisutoppu,7,
7432,ミュージカル,myūjikaru,7,musical
7433,メガ,mega,7,mega-; 10^6
7434,モスバーガー,mosubāgā,7,
7435,モード,mōdo,7,"mode (musical mode, mode of probability distribution, state of physical system); fashion"
7436,モーニング,mōningu,7,morning; morning coat; breakfast set (often a drink and toast); breakfast special; special breakfast offer
7437,ユニット,yunitto,7,unit; (musical) group; band
7438,ライダー,raidā,7,rider; lidar; LIDAR; Laser Imaging Detection and Ranging; Light Detection And Ranging
7439,ライバル,raibaru,7,rival; competition
7440,ランド,rando,7,land; rand (currency of South Africa)
7441,ランプ,ranpu,7,"lamp; light; LAMP; solution stack of free, open source software; ramp"
7443,リフレッシュ,rifuresshu,7,"refresh (e.g. memory, one's spirits, etc.)"
7444,リード,rīdo,7,"lead; leading; taking the lead; lead (of a newspaper, etc.); lede"
7445,ルックス,rukkusu,7,lux (unit of illuminance); looks
7446,レッド,reddo,7,red
7448,ロケ,roke,7,location (e.g. of film shoot); remote (shoot at a remote location)
7449,ロングセラー,ronguserā,7,longtime best seller; book with steady sales over a long time
8097,アイコ,aiko,6,iced coffee
8098,アキバ,akiba,6,
8099,アクトビレッジ,akutobirejji,6,
8100,アザラシ,azarashi,6,true seal (animal); earless seal
8101,アヒル,ahiru,6,domestic duck
8102,アルミホイル,arumihoiru,6,aluminum foil; aluminium foil; tin foil
8103,アンパン,anpan,6,anpan; bread roll filled with red bean paste; paint thinner (as an inhalant)
8104,アーム,āmu,6,arm; automated retroactive minimal moderation; ARMM
8105,イルミネーション,iruminēshon,6,illumination; decorative lighting
8106,インテリア,interia,6,"interior (of building, room, vehicle, etc.); interior design"
8107,ウオーキング,uōkingu,6,walking
8108,ウーバーイーツ,ūbāītsu,6,
8109,エスカレート,esukarēto,6,escalation
8110,エルサレム,erusaremu,6,Jerusalem
8111,エルフ,erufu,6,elf
8112,エレベーター,erebētā,6,elevator; lift; elevator (aviation)
8113,エール,ēru,6,yell (of encouragement); cheering (esp. for a school sports team); Éire; Ireland; ale
8116,オアシス,oashisu,6,oasis; OASYS (Fujitsu WP system)
8117,オリオン,orion,6,Orion
8118,オーケストラ,ōkesutora,6,orchestra
8119,オーストラリア,ōsutoraria,6,Australia
8120,オーストリア,ōsutoria,6,Austria
8121,オーソドックス,ōsodokkusu,6,orthodox
8122,カイロ,kairo,6,pocket heater; hand warmer; heater pack; Cairo
8123,カインズ,kainzu,6,
8124,カオス,kaosu,6,chaos
8125,カク,kaku,6,
8126,カップル,kappuru,6,couple
8127,カトリック,katorikku,6,Catholic (church)
8128,カリフォルニア,kariforunia,6,California
8129,カワイイ,kawaī,6,cute; adorable; charming; lovely; pretty
8130,ガイドブック,gaidobukku,6,guidebook
8131,ガバナー,gabanā,6,governor
8132,ガーデン,gāden,6,garden
8133,ガーリック,gārikku,6,"garlic (edible plant, Allium sativum)"
8134,キッシンジャー,kisshinjā,6,
8135,キミ,kimi,6,
8136,キャラメル,kyarameru,6,caramel (soft candy)
8137,キュッ,kyutsu,6,
8138,キラ,kira,6,
8139,キリスト,kirisuto,6,Christ
8140,キーワード,kīwādo,6,keyword; key word; clue word; search term; indexing term
8141,クアッド,kuaddo,6,
8142,クイーン,kuīn,6,queen
8143,クエ,kue,6,longtooth grouper (Epinephelus bruneus)
8144,クジラ,kujira,6,whale (Cetacea spp.)
8146,クリスマスツリー,kurisumasutsurī,6,Christmas tree
8147,グッ,gutsu,6,
8148,グッド,guddo,6,good
8149,グツグツ,gutsugutsu,6,simmering; (boiling) gently
8150,グラコロ,gurakoro,6,
8151,ゲオ,geo,6,
8152,ゲストハウス,gesutohausu,6,guesthouse
8154,コイツ,koitsu,6,
8155,コショウ,koshou,6,pepper
8156,コップ,koppu,6,glass (drinking vessel); tumbler; cups (playing card suit); cop; police officer
8157,コロンビア,koronbia,6,Colombia
8158,コントロール,kontorōru,6,control
8159,コンパニオン,konpanion,6,"promotional model (at a trade show, etc.); female guide (at a convention); booth babe; hostess (of a party, banquet, etc.); companion"
8160,コンビ,konbi,6,combination; pair; duo
8161,コンブ,konbu,6,kombu (usu. Saccharina japonica); konbu; kelp; any edible species from the family Laminariaceae
8162,コーティング,kōteingu,6,coating
8163,ゴム,gomu,6,gum; rubber; eraser; condom
8164,ゴリ,gori,6,"fish of the genus Rhinogobius; dusky tripletooth goby (Tridentiger obscurus); common freshwater goby (Gymnogobius urotaenia); Japanese fluvial sculpin (fish, Cottus pollux)"
8165,ゴールデン,gōruden,6,golden
8166,サウス,sausu,6,
8167,サツマイモ,satsumaimo,6,sweet potato (Ipomoea batatas)
8168,サラリーマン,sararīman,6,office worker; company employee; company man; salaryman (stereotypical Japanese office worker)
8169,サーティワン,sāteiwan,6,
8170,シェアリング,shiearingu,6,sharing
8171,シェイクシャック,shieikushakku,6,
8172,シナリオ,shinario,6,script; screenplay; scenario
8173,シャッター,shattā,6,"(camera) shutter; shutter (for a door, window, etc.)"
8174,ショウガ,shouga,6,ginger (Zingiber officinale)
8175,シン,shin,6,thin; shin; syn-
8176,シンガポール,shingapōru,6,Singapore
8177,シーフード,shīfūdo,6,seafood
8178,シールド,shīrudo,6,shield
8180,ジャガイモ,jagaimo,6,potato (Solanum tuberosum)
8181,ジャスパー,jasupā,6,jasper
8182,ジャッジ,jajji,6,judge
8183,ジョイ,joi,6,joy
8184,スイス,suisu,6,Switzerland
8185,スクエア,sukuea,6,square (shape); square (open space); formal; methodical; correct
8186,スタミナ,sutamina,6,stamina; energy
8187,ストック,sutokku,6,stock; ski pole
8188,スパイシー,supaishī,6,spicy
8189,スーパーマーケット,sūpāmāketto,6,supermarket
8190,セメント,semento,6,cement
8191,セリフ,serifu,6,serif; speech; words; one's lines; remarks
8192,セル,seru,6,cell; serge; cel (celluloid)
8193,セーター,sētā,6,sweater; jumper
8194,ソーラン,sōran,6,
8195,タメ,tame,6,"the same (age, social status); peer"
8196,タリバン,tariban,6,Taliban (Afghani fundamentalist Muslim group); Taleban
8197,タリーズ,tarīzu,6,
8198,ターリー,tārī,6,
8199,ダイヤ,daiya,6,diamond; (railway) schedule; timetable; diagram
8200,ダッシュ,dasshu,6,dash
8201,ダンサー,dansā,6,dancer
8202,チャレンジング,charenjingu,6,challenging
8203,チュチェ,chuche,6,Juche (North Korean political ideology); self-reliance; Juche (North Korean calendar)
8204,テラス,terasu,6,terrace
8206,ディズニーランド,dizunīrando,6,Disneyland
8207,ディナー,dinā,6,dinner
8208,デカイ,dekai,6,
8209,デパ,depa,6,
8210,トウモロコシ,toumorokoshi,6,corn (Zea mays); maize
8211,トップクラス,toppukurasu,6,top class
8212,トリプル,toripuru,6,triple
8213,ドキュメンタリー,dokyumentarī,6,documentary
8214,ドムドム,domudomu,6,
8216,ドーミーイン,dōmīin,6,
8217,ナマコ,namako,6,sea cucumber (Holothuroidea spp.)
8218,ナン,nan,6,naan (bread); nan; not a number; NaN; south wind tile
8219,ハイ,hai,6,high (e.g. spirits); merry; high; high (i.e. feeling of extreme pleasure)
8220,ハザード,hazādo,6,hazard
8221,ハズレ,hazure,6,end; verge; extremity; tip; outskirts
8223,ハワイ,hawai,6,Hawaii; Hawai'i
8224,ハンガー,hangā,6,(aircraft) hangar; (coat) hanger; hunger
8225,ハンター,hantā,6,hunter
8226,ハンディ,handi,6,compact; portable; easy-to-use; handy; handicap
8227,ハンドル,handoru,6,handle; steering wheel; handlebar; handlebars; screen name
8228,バグ,bagu,6,(computer) bug
8229,バザー,bazā,6,bazaar; bazar
8230,バスケ,basuke,6,basketball
8231,バネ,bane,6,"spring (e.g. coil, leaf); mainspring; power spring"
8232,パーキング,pākingu,6,parking
8233,パーフェクト,pāfekuto,6,perfect; perfection; perfect game
8236,ビミョー,bimyō,6,subtle; delicate; fine; difficult; complex
8237,ピカピカ,pikapika,6,with a glitter; with a sparkle; brand new; shiny and new
8238,ピンチ,pinchi,6,pinch; crisis; tough spot; predicament; clothespin
8239,ファストフード,fasutofūdo,6,fast food
8240,フィナーレ,fināre,6,finale
8241,フェスト,fesuto,6,
8242,フルーティー,furūteī,6,fruity
8243,フレンド,furendo,6,friend
8244,フワッ,fuwatsu,6,
8245,プリプリ,puripuri,6,angrily; in a huff; in anger; high on marijuana; tender (to chew)
8246,プレーン,purēn,6,plain; plane
8247,ヘクタール,hekutāru,6,hectare
8248,ベル,beru,6,bell; bel; B
8249,ペン,pen,6,pen
8250,ホッ,hotsu,6,
8251,ホント,honto,6,truth; reality; actuality; fact; proper
8252,ホース,hōsu,6,force; FORTH; hose; horse
8253,ボウル,bouru,6,bowl
8254,ボッチャ,botcha,6,"boccia (sport, similar to bocce, played by people with impaired motor skills)"
8255,ボロボロ,boroboro,6,worn-out; ragged; tattered; battered; scruffy
8256,ポケモンスリープ,pokemonsurīpu,6,
8257,ポチ,pochi,6,lackey; minion; sycophant; errand boy
8258,ポテチ,potechi,6,potato chips; potato crisps
8259,マイク,maiku,6,mike; mic; microphone
8260,マスタード,masutādo,6,mustard
8261,マル,maru,6,circle; entirety; whole; full; complete
8262,マレーシア,marēshia,6,Malaysia
8263,マンハッタン,manhattan,6,Manhattan; manhattan
8264,メダル,medaru,6,medal
8265,モモ,momo,6,peach (Prunus persica)
8266,モレル,moreru,6,
8267,モン,mon,6,
8268,ユニーク,yunīku,6,unique; individual; original; unusual
8269,ヨーグルト,yōguruto,6,yogurt; yoghurt; yoghourt
8270,ライオンズ,raionzu,6,
8271,ライセンス,raisensu,6,license; licence
8272,ライバー,raibā,6,
8273,ライフ,raifu,6,life
8274,ラウンド,raundo,6,"round (esp. in sports, negotiations, etc.); rounds (e.g. nurse, security guard, etc.)"
8276,ラッキー,rakkī,6,lucky; nice!; score!; bingo!
8277,ラン,ran,6,run; rump; orchid; Netherlands; Holland
8278,リサイクル,risaikuru,6,recycling
8279,リサーチ,risāchi,6,research
8280,リットル,rittoru,6,litre
8281,リフト,rifuto,6,lift; rift
8282,リー,rī,6,
8283,レス,resu,6,response; less; -less; loess; wrestling
8284,レストハウス,resutohausu,6,rest house
8285,レスリング,resuringu,6,wrestling
8286,レディース,redīsu,6,"ladies' (fashion, etc.); female bōsōzoku gang"
8287,レバノン,rebanon,6,Lebanon
8288,レモンサワー,remonsawā,6,lemon sour (cocktail)
8289,レート,rēto,6,rate; late; rating; ranking
8290,ロッテ,rotte,6,
8291,ロープ,rōpu,6,rope
8292,ワイルドステーキ,wairudosutēki,6,
9178,アイアン,aian,5,iron (golf club)
9179,アイディア,aidia,5,idea
9180,アクション,akushon,5,action
9181,アサド,asado,5,
9182,アジアン,ajian,5,Asian (esp. SE Asian)
9183,アップデート,appudēto,5,update
9184,アプローチ,apurōchi,5,approach; approach shot
9185,アンテナ,antena,5,antenna; thing or method used to collect information or opinions
9186,アンバサダー,anbasadā,5,ambassador
9187,アーカイブ,ākaibu,5,archive
9188,アーカイブス,ākaibusu,5,archives
9190,イス,isu,5,chair; stool; post; office; position
9191,イラストレーター,irasutorētā,5,illustrator
9192,インターナショナル,intānashonaru,5,international
9193,ウェブサイト,uebusaito,5,web site; website
9194,ウオーク,uōku,5,walk
9195,ウトロ,utoro,5,
9196,エコノミスト,ekonomisuto,5,economist
9197,エスニック,esunikku,5,ethnic
9198,エリック,erikku,5,
9199,エル,eru,5,"ell (unit of length, approx. 45 inches); L; l"
9200,エヴァンゲリオン,evangerion,5,
9201,オカリナ,okarina,5,ocarina (type of flute)
9202,オブ,obu,5,of
9203,オホーツク,ohōtsuku,5,
9204,オランダ,oranda,5,Netherlands; Holland
9205,オリンピック,orinpikku,5,Olympics
9206,オンリー,onrī,5,only; prostitute attached to a single member of the postwar Occupation Forces
9207,オート,ōto,5,auto; automobile; automatic; oat; oats
9208,オートレース,ōtorēsu,5,auto race; motorcycle speedway event and gambling sport in Japan
9209,オープニング,ōpuningu,5,opening; start; launch; opening credits; title sequence
9210,カキ,kaki,5,oyster; oyster shell; kaki; Japanese persimmon (Diospyros kaki)
9211,カギ,kagi,5,key; lock; key (to a problem); clue
9212,カクテル,kakuteru,5,cocktail
9213,カラメル,karameru,5,caramel (browned sugar used as flavouring)
9214,カルピス,karupisu,5,
9215,カンバ,kanba,5,
9216,ガリガリ,garigari,5,crunching; chewing or crushing something hard; scraping; scratching; hard and crunchy
9217,キャビン,kyabin,5,cabin
9218,キャラバン,kyaraban,5,"caravan; group of people touring to sell, investigate, etc."
9219,キャンディ,kyandi,5,candy; sweets
9220,キリ,kiri,5,paulownia (Paulownia tomentosa); empress tree; foxglove tree; end; ending
9222,キーマカレー,kīmakarē,5,keema curry; minced-meat curry
9223,ギリ,giri,5,
9226,クリームチーズ,kurīmuchīzu,5,cream cheese
9227,クリーン,kurīn,5,clean
9228,クーデター,kūdetā,5,coup d'état; coup
9229,グラタン,guratan,5,gratin
9230,グルージャ,gurūja,5,
9231,ゲレンデ,gerende,5,ski slope
9232,ゲーセン,gēsen,5,game arcade; video arcade
9233,ココア,kokoa,5,"cocoa (beverage, cocoa solids); hot chocolate"
9234,コッペパン,koppepan,5,bread roll; hot dog bun
9235,コンクリート,konkurīto,5,concrete
9236,コンピューター,konpyūtā,5,computer
9237,コーデ,kōde,5,"coordination; matching (e.g. clothes, accessories, furniture, colours)"
9238,コープ,kōpu,5,coop
9239,コーラス,kōrasu,5,chorus
9240,ゴジラ,gojira,5,
9241,サウンド,saundo,5,sound
9242,サガリ,sagari,5,hanging tender; thick skirt
9243,サバ,saba,5,"mackerel (esp. the chub mackerel, Scomber japonicus); server (in an online game)"
9244,サフィールホテル,safīruhoteru,5,
9245,サプライズ,sapuraizu,5,surprise
9246,サボテン,saboten,5,cactus
9247,サラッ,saratsu,5,
9248,サンディエゴ,sandiego,5,San Diego
9249,サントリー,santorī,5,
9250,サンパーク,sanpāku,5,
9251,サンマ,sanma,5,Pacific saury (Cololabis saira); mackerel pike
9254,シズラー,shizurā,5,
9255,シベリア,shiberia,5,Siberia; cake made with layers of sweet bean paste and sponge cake
9256,シャリ,shari,5,"sushi rice; rice seasoned with vinegar, sugar and salt"
9257,ショット,shotto,5,shot (in films); shot (of alcohol); hitting a ball (e.g. in tennis); shoot (in basketball)
9259,ショルツ,shorutsu,5,
9260,ショーケース,shōkēsu,5,showcase; display case; vitrine
9261,シルバー,shirubā,5,silver; senior citizen; pensioner
9262,シンオウツアー,shin'outsuā,5,
9263,ジェラート,jierāto,5,gelato; Italian-style ice cream
9264,ジャスト,jasuto,5,just; exactly; precisely; perfectly; sharp
9265,ジャッキー,jakkī,5,
9266,ジャー,jā,5,vacuum bottle; thermos; jar
9267,ジンギスカン,jingisukan,5,jingisukan; grilled mutton and vegetable dish; slotted dome cast iron grill (used for jingisukan)
9268,スイッチ,suitchi,5,switch
9269,スケート,sukēto,5,skating (esp. ice); skate; skates
9270,スケール,sukēru,5,scale; vernier
9271,スコーン,sukōn,5,scone
9272,スト,suto,5,strike (i.e. industrial action)
9273,スピーディー,supīdī,5,speedy
9274,スポンサー,suponsā,5,sponsor
9275,スリコ,suriko,5,
9276,ズボン,zubon,5,trousers; pants
9277,セイコーマート,seikōmāto,5,
9278,ソフトバンク,sofutobanku,5,
9279,ソーダ,sōda,5,soda
9280,ソーラー,sōrā,5,solar
9281,タスク,tasuku,5,task
9282,タッチ,tatchi,5,touch; being involved in
9283,タブレット,taburetto,5,tablet; pill; tablet computer; (inscribed) slab; drawing tablet
9284,ターゲット,tāgetto,5,target
9285,ターミナル,tāminaru,5,terminal
9286,ダイソン,daison,5,
9287,ダイレクト,dairekuto,5,direct
9288,ダウン,daun,5,going down; fall; decrease; drop; knocking down (in boxing)
9289,ダマ,dama,5,"lump (of flour, etc.); clump (of ground meat, etc.)"
9290,ダントツ,dantotsu,5,far and away the best; the very best; cream of the crop; crème de la crème; decisive lead
9291,チーズバーガー,chīzubāgā,5,cheeseburger
9293,ツイート,tsuīto,5,tweet; Twitter post
9294,ツバキ,tsubaki,5,common camellia (Camellia japonica); tea produced in the mountains
9295,ツマミ,tsumami,5,
9296,ツール,tsūru,5,"tool (esp. software, etc.); tour (e.g. Tour de France)"
9298,ディス,disu,5,diss; dissing; disrespect
9299,ディスプレイ,disupurei,5,display
9300,デザイナー,dezainā,5,designer
9302,デスク,desuku,5,desk; copy editor
9303,デブ,debu,5,fat; chubby; fatso; fatty; fat person
9304,デマ,dema,5,false rumor (rumour); false alarm; misinformation
9305,トイ,toi,5,
9306,トライ,torai,5,try; attempt; try (rugby)
9307,トランス,toransu,5,(power) transformer; trance; trans
9308,トリガー,torigā,5,trigger
9309,トータル,tōtaru,5,total
9310,トーン,tōn,5,tone
9311,ドキドキ,dokidoki,5,thump-thump; bang-bang; pit-a-pat; pitapat; pitter-patter
9312,ナス,nasu,5,eggplant (Solanum melongena); aubergine
9313,ニシン,nishin,5,Pacific herring (Clupea pallasii)
9314,ネイチャー,neichā,5,nature
9315,ハイランド,hairando,5,highland
9316,ハルツーム,harutsūmu,5,Khartoum (Sudan)
9317,ハンカチ,hankachi,5,handkerchief
9318,ハンスト,hansuto,5,hunger strike
9319,ハー,hā,5,
9320,ハーゲンダッツ,hāgendattsu,5,
9321,バケツ,baketsu,5,bucket; pail; skip
9322,バスケット,basuketto,5,basket; basketball; basket cloth
9323,バレ,bare,5,
9324,バーツ,bātsu,5,baht (Thai monetary unit)
9325,バーベキュー,bābekyū,5,barbecue; BBQ
9326,パクチニスト,pakuchinisuto,5,
9327,パドル,padoru,5,paddle
9328,パブ,pabu,5,pub
9329,パブリック,paburikku,5,public
9330,パリッ,paritsu,5,
9331,パリパリ,paripari,5,crispy; crunchy; tearing; ripping; cracking
9332,パワーアップ,pawāappu,5,powering up
9333,パンダ,panda,5,panda
9334,ヒト,hito,5,man; person; human being; mankind; people
9335,ビギナー,biginā,5,beginner
9336,ビジョン,bijon,5,vision
9337,ビスケット,bisuketto,5,cookie; biscuit
9338,ビタミン,bitamin,5,vitamin
9339,ビター,bitā,5,bitter (flavor); bitter (type of beer)
9340,ビーフジャーキー,bīfujākī,5,beef jerky
9341,ピスタチオ,pisutachio,5,pistachio (Pistacia vera)
9342,ピッチ,pitchi,5,"pace; rate; speed; pitch (i.e. angle, space, field, sound, etc.); pitch (from distilling petroleum, tar, etc.)"
9344,フィレオ,fireo,5,
9345,フェリー,ferī,5,ferry
9346,フェルト,feruto,5,felt
9347,フォーカス,fōkasu,5,focus; forecast
9348,フジ,fuji,5,"wisteria (esp. Japanese wisteria, Wisteria floribunda); wistaria"
9349,フレンチ,furenchi,5,French; French food; French cuisine
9350,ブルボン,burubon,5,
9351,ブレイク,bureiku,5,"break (rest); break (tennis, boxing, snooker, etc.); suddenly becoming popular; becoming a hit"
9353,プリキュア,purikyua,5,
9354,プリント,purinto,5,print; printing; (printed) copy; handout; flyer
9356,ベクレル,bekureru,5,becquerel
9357,ホイップクリーム,hoippukurīmu,5,whipped cream
9358,ホップ,hoppu,5,hop; hops (Humulus lupulus)
9359,ホロホロ,horohoro,5,
9360,ホン,hon,5,phon (unit of loudness)
9361,ホームセンター,hōmusentā,5,hardware store; DIY store; home improvement retailer
9362,ホールディングス,hōrudingusu,5,Holdings
9363,ボクシング,bokushingu,5,boxing
9364,ポリポリ,poripori,5,
9365,ポータブル,pōtaburu,5,portable
9366,ポート,pōto,5,port
9367,ポーランド,pōrando,5,Poland
9368,マイナンバーカード,mainanbākādo,5,My Number Card; identity number card; individual number card
9369,マスコミ,masukomi,5,mass communication; mass media
9370,マダン,madan,5,
9371,マッサージ,massāji,5,massage
9372,マネ,mane,5,imitating; copying; mimicry; behavior; behaviour
9373,マプト,maputo,5,Maputo (Mozambique)
9374,マラソン,marason,5,marathon; long-distance race; malathion (insecticide)
9375,マリ,mari,5,Mali
9376,マリトッツォ,maritottsuo,5,
9377,マルゲリータ,marugerīta,5,margherita (pizza)
9378,マンション,manshon,5,condominium (often mid-rise or high-rise concrete); apartment building; apartment house; apartment; flat
9379,ミラノ,mirano,5,
9380,ミラー,mirā,5,mirror
9381,ミル,miru,5,stag seaweed (Codium fragile); green sea fingers; dead man's fingers; felty fingers; forked felt-alga
9382,ミルキー,mirukī,5,
9383,ムース,mūsu,5,moose; mousse
9384,メチャクチャ,mechakucha,5,absurd; unreasonable; nonsensical; preposterous; incoherent
9385,モザンビーク,mozanbīku,5,Mozambique
9386,ヤクルト,yakuruto,5,
9387,ヤニ,yani,5,"resin; (tobacco) resin; tar; nicotine; sleep (in one's eyes, i.e. eye mucus)"
9388,ヤー,yā,5,
9389,ユニセフ,yunisefu,5,United Nations Children's Fund (formerly Children's Emergency Fund); UNICEF
9390,ユニホーム,yunihōmu,5,uniform
9391,ラウンジ,raunji,5,lounge
9392,ラクダ,rakuda,5,camel; camel (cloth); cloth made from camel hair; camel (color); light yellowish brown
9393,ラス,rasu,5,"lath; lass; remote access service; RAS; reliability, availability, serviceability"
9394,ラフ,rafu,5,rough; casual (clothing); rough (of a golf course); rough sketch; rough draft
9395,ラベンダー,rabendā,5,lavender
9396,ラムネ,ramune,5,ramune; type of lemon soda sold in a Codd-neck bottle; compressed tablet candy
9397,ランタン,rantan,5,lanthanum (La); lantern
9399,リサイタル,risaitaru,5,recital
9400,リベラル,riberaru,5,liberal
9401,リレー,rirē,5,relay
9402,リンドール,rindōru,5,
9403,ルーレット,rūretto,5,roulette
9404,レイド,reido,5,
9405,レシート,reshīto,5,receipt; cash-register slip
9406,レポ,repo,5,report; paper; reportage
9407,レンズ,renzu,5,lens
9408,レーサー,rēsā,5,racer
9409,レーザー,rēzā,5,laser; Light Amplification by Stimulated Emission of Radiation; leather; razor
9410,ロング,rongu,5,long
9411,ロンドン,rondon,5,London (UK)
9412,ローズ,rōzu,5,rose
9413,ロータリー,rōtarī,5,rotary; roundabout; traffic circle; rotating
9414,ロータリークラブ,rōtarīkurabu,5,
9415,ワグネル,waguneru,5,
9416,ワシントン,washinton,5,"Washington, DC (United States); Washington (US state)"
9417,ワーク,wāku,5,work
10563,アイコン,aikon,4,icon
10564,アカ,aka,4,account (e.g. online service)
10565,アスパラガス,asuparagasu,4,asparagus
10566,アッサリ,assari,4,"easily; readily; quickly; flatly (refuse); lightly (seasoned food, applied make-up, etc.)"
10567,アトラクション,atorakushon,4,attraction
10568,アバター,abatā,4,avatar; incarnation of an immortal being (Hindu); icon or representation of a user in a shared virtual reality
10569,アベック,abekku,4,"a couple (of lovers, etc.)"
10570,アボジ,aboji,4,father
10571,アラフィフ,arafifu,4,"around 50 (years of age, esp. women)"
10572,アルバム,arubamu,4,album
10573,アルメリア,arumeria,4,thrift (Armeria maritima); sea thrift; sea pink
10574,アロスティチーニ,arosuteichīni,4,
10575,アントニオ,antonio,4,
10576,アーチェリー,ācherī,4,archery
10577,アーモンド,āmondo,4,almond (Prunus dulcis)
10578,アール,āru,4,are; measure of area (100 sq.m.); R; r; radius
10579,イナナウト,inanauto,4,
10580,イモ,imo,4,tuber; taro; potato; yam; yokel
10581,イヤリング,iyaringu,4,earring
10582,インディ,indi,4,
10583,インフラ,infura,4,infrastructure
10584,インフルエンサー,infuruensā,4,influencer (e.g. on social media)
10585,インフレ,infure,4,inflation
10586,インボイス,inboisu,4,invoice
10587,ウィスキー,uisukī,4,whisky; whiskey
10588,ウイング,uingu,4,"wing (bird, aircraft, etc.); wing (rugby, soccer, etc.); wing (of a building); unbalanced edge (othello)"
10589,ウインナー,uinnā,4,Vienna sausage; wiener; frankfurter; Vienna coffee; Viennese
10590,ウエア,uea,4,wear; clothing; dress; ware; goods
10591,ウォーター,uōtā,4,water
10592,ウソ,uso,4,lie; fib; falsehood; untruth; mistake
10593,ウロウロ,urouro,4,restlessly; aimlessly; without purpose; to loiter; to drift
10595,エブエブ,ebuebu,4,
10596,エメラルド,emerarudo,4,emerald
10598,オジサン,ojisan,4,uncle; old man; mister; manybar goatfish (Parupeneus multifasciatus)
10599,オセロ,osero,4,Othello (board game)
10600,オニオン,onion,4,onion (Allium cepa)
10601,オマケ,omake,4,
10602,オミクロン,omikuron,4,omicron
10603,オムレツ,omuretsu,4,omelette; omelet
10604,オンラインストア,onrainsutoa,4,online store
10605,オーディション,ōdishon,4,audition
10606,カゴ,kago,4,"basket (shopping, etc.); hamper; cage"
10607,カボチャ,kabocha,4,pumpkin (Cucurbita sp.); squash
10608,カラス,karasu,4,crow (Corvus spp.); raven; Chinese puffer (Takifugu chinensis); dealt hand containing only 1-point cards (scoring combination)
10609,カルビー,karubī,4,
10610,カンボジア,kanbojia,4,Cambodia
10611,ガイアナ,gaiana,4,Guyana
10612,ガチャガチャ,gachagacha,4,clatter; clank; rattling; capsule toy vending machine
10613,ガム,gamu,4,chewing gum; gum; rubber; Guam
10614,ガリ,gari,4,sliced ginger prepared in vinegar (served with sushi); pickled ginger; mimeograph; reprimand; rebuke
10615,キッ,kitsu,4,
10616,キック,kikku,4,kick
10617,キッズ,kizzu,4,kids; children
10618,キャスト,kyasuto,4,"cast (play, film, etc.); cast (e.g. type conversion)"
10619,キャッチャー,kyatchā,4,catcher
10620,キャバ,kyaba,4,
10621,キラキラ,kirakira,4,glittering; sparkling; glistening; twinkling
10622,キン,kin,4,
10623,ギア,gia,4,gear
10624,ギッシリ,gisshiri,4,tightly (packed); densely; closely; crammed
10625,ギマ,gima,4,
10626,ギャル,gyaru,4,"gyaru; (young) woman adhering to a fashion trend usually marked by brown or blond-dyed hair, gaudy clothes and accessories; gal"
10627,クチコミ,kuchikomi,4,"word of mouth; comments written online (about a product, service, etc.); online reviews"
10628,クライミング,kuraimingu,4,climbing
10629,クラリネット,kurarinetto,4,clarinet
10630,クロス,kurosu,4,cross; crossing; intersecting; cross (soccer); cloth
10631,クロワッサン,kurowassan,4,croissant
10632,クン,kun,4,
10633,クール,kūru,4,"cool (temperature, color, etc.); cool (i.e. calm and collected); cool (i.e. fashionable, attractive, etc.); course (of medical treatment); season (series) of a television program (usu. 13 installments over a 3-month period)"
10634,クールチョイス,kūruchoisu,4,
10635,グランスタ,guransuta,4,
10636,グレイ,gurei,4,grey (gray); gray (SI unit of absorbed dose of radiation)
10637,グレード,gurēdo,4,grade
10638,グローブ,gurōbu,4,glove (esp. sports); globe
10639,ケチ,kechi,4,stinginess; miserliness; penny-pinching; cheeseparing; miser
10640,コア,koa,4,core; hardcore; all-out; passionate
10642,コシャリ,koshari,4,
10643,コツコツ,kotsukotsu,4,unflaggingly; steadily; untiringly; laboriously; knocking
10644,コラボレーション,koraborēshon,4,collaboration
10645,コリコリ,korikori,4,
10646,コレクレー,korekurē,4,
10647,コンソメ,konsome,4,consommé
10648,コンドーム,kondōmu,4,condom
10649,コーディネーター,kōdinētā,4,coordinator
10650,コーディネート,kōdinēto,4,"coordinate; co-ordinate; coordination; matching (e.g. clothes, accessories, furniture, colours); coordinated outfit (clothes and accessories)"
10651,コールド,kōrudo,4,cold; cold cream; cold wave; cold permanent wave
10652,ゴクゴク,gokugoku,4,in big gulps
10653,ゴリゴリ,gorigori,4,with a scraping sound; with a grating sound; with a scratching sound; with force; hard
10654,ゴージャス,gōjasu,4,gorgeous; sumptuous; extravagant; luxurious
10655,サビエル,sabieru,4,
10656,サラサラ,sarasara,4,"with a rustling sound; rippling (of a stream, etc.); murmuring; purling; slurping down (ochazuke)"
10657,ザク,zaku,4,
10658,ザラザラ,zarazara,4,"rough (touch, voice, etc.); coarse; gritty; sandy; granular"
10659,シナモン,shinamon,4,cinnamon
10660,シマエナガ,shimaenaga,4,
10661,シュピーゲル,shupīgeru,4,
10662,シュー,shū,4,hiss; swish; whoosh; whiz; fizzle
10663,シューズ,shūzu,4,shoes
10664,シロ,shiro,4,
10665,シロノワール,shironowāru,4,
10666,シード,shīdo,4,seed
10667,ジェンダー,jiendā,4,gender
10668,ジャスミン,jasumin,4,jasmine
10669,ジャワ,jawa,4,Java (Indonesian island); Java coffee
10670,ジョリーパスタ,jorīpasuta,4,
10671,ジレンマ,jirenma,4,dilemma
10672,ジワジワ,jiwajiwa,4,slowly (but steadily); gradually; bit-by-bit; slowly soaking in; slowly permeating
10674,スカート,sukāto,4,skirt
10675,スキン,sukin,4,skin; condom; skin (e.g. alternative look and feel for interface of a program)
10676,スギ,sugi,4,Japanese cedar (Cryptomeria japonica); cobia (Rachycentron canadum); sergeant fish
10677,スグ,sugu,4,
10678,スコア,sukoa,4,score
10679,スズキ,suzuki,4,"Japanese sea perch (Lateolabrax japonicus, esp. referring to an adult); Japanese sea bass"
10680,スタンス,sutansu,4,stance; attitude; standpoint; posture
10681,スッ,sutsu,4,
10682,ステンレス,sutenresu,4,stainless steel
10683,ステーション,sutēshon,4,station
10684,ステータス,sutētasu,4,status
10685,ストレッチ,sutoretchi,4,stretch
10686,ストレート,sutorēto,4,straight; straightforward; direct; straight out; blunt
10687,ストロベリー,sutoroberī,4,strawberry
10688,ストーブ,sutōbu,4,(room) heater; stove
10689,スナク,sunaku,4,
10690,スヌーピー,sunūpī,4,snoopy
10691,スパゲッティ,supagettei,4,spaghetti
10692,スパゲティ,supagetei,4,spaghetti
10693,スピーカー,supīkā,4,speaker
10694,スペック,supekku,4,specifications; specs
10695,スポ,supo,4,sport; sports
10696,スマイル,sumairu,4,smile
10697,スライド,suraido,4,slide (for projection); transparency; (microscope) slide; to slide; to slip
10698,スラム,suramu,4,"slum; slam (in professional wrestling, mixed martial arts, etc.)"
10699,スリラチャ,suriracha,4,
10700,スリー,surī,4,three; 3 turn
10701,スンデ,sunde,4,
10702,セミ,semi,4,cicada; locust; small-sized pulley; semi-; half-
10703,セレクト,serekuto,4,select
10704,セレモニー,seremonī,4,ceremony
10705,センサー,sensā,4,sensor
10706,セント,sento,4,cent (monetary unit); saint; cent
10708,ソング,songu,4,song; thong
10709,ゾウ,zou,4,elephant (Elephantidae spp.)
10710,ゾォォオオ,zōōo,4,
10711,タイムズ,taimuzu,4,times
10712,タチアカネ,tachiakane,4,
10713,タフ,tafu,4,tough
10714,タレント,tarento,4,(TV or radio) entertainer; television personality; radio personality; talent; skill
10715,チェジュ,cheju,4,Jeju (special self-governing province and island in South Korea)
10716,チェックイン,chekkuin,4,check-in
10717,チキンタツタ,chikintatsuta,4,
10718,チャージ,chāji,4,charge (electrical); recharging; charge (fee); topping up (a contactless smart card); refuelling
10719,チャーター,chātā,4,charter
10720,チラホラ,chirahora,4,
10721,ツキ,tsuki,4,furnished with; including; attached to; impression; appearance
10722,ティンダー,teindā,4,
10723,テイスト,teisuto,4,taste
10724,テキスト,tekisuto,4,text; textbook
10725,テクノ,tekuno,4,techno-; techno; techno-pop
10726,テナント,tenanto,4,"tenant (usu. office block, shopping center, etc.)"
10727,デニッシュ,denisshu,4,Danish (pastry)
10728,デニー,denī,4,
10729,デフォ,defo,4,default
10730,デミグラスソース,demigurasusōsu,4,demi-glace (type of brown sauce)
10731,トマホーク,tomahōku,4,tomahawk
10732,トリコ,toriko,4,
10733,トリチウム,torichiumu,4,tritium
10734,トリュフ,toryufu,4,truffle
10735,トレー,torē,4,tray
10736,トー,tō,4,toe; toe (of a golf club)
10737,トートバッグ,tōtobaggu,4,tote bag
10738,ドコモ,dokomo,4,
10739,ドライヤー,doraiyā,4,dryer (esp. hair); drier; blower
10740,ドラッグストア,doraggusutoa,4,drugstore; pharmacy
10741,ドリーム,dorīmu,4,dream
10742,ドロップ,doroppu,4,drop
10743,ナビ,nabi,4,navigation; (car) navigation system; navigator; prophet of Islam
10744,ナラ,nara,4,
10745,ナンバー,nanbā,4,number; number plate; license plate
10746,ニック,nikku,4,nick; NIC
10747,ニット,nitto,4,knit; knitted fabric; knitted garments; nit (unit of surface brightness equal to 1 candela per square meter)
10748,ニラ,nira,4,Chinese chive; garlic chive (Allium tuberosum)
10749,ニンジン,ninjin,4,carrot (Daucus carota); Asian ginseng (Panax ginseng)
10750,ネオン,neon,4,neon (Ne)
10751,ノウハウ,nouhau,4,know-how
10752,ノベルティ,noberutei,4,novelty
10753,ノン,non,4,non-; no
10754,ハイキング,haikingu,4,hiking
10755,ハイチ,haichi,4,Haiti
10756,ハイテク,haiteku,4,high-tech
10757,ハイブリッド,haiburiddo,4,hybrid
10758,ハイレベル,haireberu,4,high-level
10759,ハッピーターン,happītān,4,
10761,ハラ,hara,4,harassment
10762,ハラスメント,harasumento,4,harassment (esp. in workplace); bullying; discrimination
10763,ハラール,harāru,4,halal
10764,バイ,bai,4,"by; bye; bisexual; Japanese babylon (species of shelled mollusk, Babylonia japonica); Japanese ivory shell"
10765,バイオリニスト,baiorinisuto,4,violinist
10766,バク,baku,4,"tapir (Tapirus spp.); mo; mythological Chinese chimera similar to a tapir, said to devour bad dreams"
10767,バタ,bata,4,
10768,バット,batto,4,"bat (in baseball, cricket, etc.); shallow tray (usu. steel or plastic)"
10769,バラバラ,barabara,4,scattered; disperse; loose; disconnected; in pieces
10770,バル,baru,4,"balcony; Spanish bar; Spanish-style restaurant with a counter, serving food, alcoholic drinks, and coffee"
10771,バレエ,barē,4,ballet
10772,バン,ban,4,bun; van (caravan); bang; ban (esp. of a player from an online game); value-added network
10773,バンク,banku,4,bank
10774,バングラデシュ,banguradeshu,4,Bangladesh
10775,バンバン,banban,4,"with a bang bang (sound of a hammer or gunfire); at a mad pace (spend money, work); with great vigor"
10776,バード,bādo,4,bird; bard (esp. in RPG games)
10777,バードウオッチング,bādouotchingu,4,birdwatching; bird watching
10778,バーミヤン,bāmiyan,4,
10779,パキスタン,pakisutan,4,Pakistan
10780,パケ,pake,4,(data) packet; mobile broadband data; package
10781,パスワード,pasuwādo,4,password
10782,パワハラ,pawahara,4,harassment (in the workplace) from a position of power; power harassment
10783,パワフル,pawafuru,4,powerful
10784,パンパン,panpan,4,kapow; bang; slap; clap; bulging
10785,パーティ,pātei,4,"party (gathering, celebration, etc.); party (group, political, etc.)"
10786,パート,pāto,4,part; part-timer; part-time (work)
10787,ヒノキ,hinoki,4,hinoki cypress (Chamaecyparis obtusa); Japanese cypress
10788,ヒロト,hiroto,4,
10789,ヒーター,hītā,4,heater
10790,ビジターセンター,bijitāsentā,4,
10791,ビジネスマン,bijinesuman,4,businessman
10792,ビッグモーター,biggumōtā,4,
10793,ビリ,biri,4,last (on the list); (at the) bottom; (in) last position; tailender
10794,ピアニスト,pianisuto,4,pianist
10795,ピノ,pino,4,
10796,ピーナツバター,pīnatsubatā,4,peanut butter
10797,ファー,fā,4,fur; far
10798,ファーム,fāmu,4,farm; firm
10799,フィギュア,figyua,4,figure; form; shape; figurine; model figure
10800,フィクション,fikushon,4,fiction
10801,フィニッシュ,finisshu,4,finish
10802,フィルム,firumu,4,film
10803,フォロワー,forowā,4,follower
10804,フカ,fuka,4,(large) shark
10805,フグ,fugu,4,puffer fish; blow fish; fugu; globefish; swellfish
10806,フラダンス,furadansu,4,hula; hula dance
10807,フラット,furatto,4,flat; level; even; flat (e.g. in 10 seconds flat); exactly
10808,フラワー,furawā,4,flower
10809,フリース,furīsu,4,fleece
10810,フルマラソン,furumarason,4,full-length marathon
10811,フロリダ,furorida,4,"Florida; got to go, taking a bath"
10812,ブイ,bui,4,buoy; lifebuoy; V; v; victory
10813,ブリンケン,burinken,4,
10814,ブルース,burūsu,4,blues
10815,ブレーキ,burēki,4,brake
10816,ブーツ,būtsu,4,boots
10817,プラ,pura,4,plastic; pula (currency of Botswana)
10818,プラスアルファ,purasuarufa,4,a little more than usual; bribe money added to a regular fee; and then some
10819,プラットフォーム,purattofōmu,4,platform
10820,プレッシャー,puresshā,4,pressure
10821,プレミア,puremia,4,premium; premiere
10822,プロセス,purosesu,4,process
10823,プロデューサー,purodeyūsā,4,"producer (film, TV, etc.)"
10824,プロモーション,puromōshon,4,promotion
10825,プロレス,puroresu,4,pro wrestling; professional wrestling
10826,プー,pū,4,toot (e.g. of trumpet); honk (e.g. of klaxon); beep; farting sound; sound of something being inflated
10827,ヘッドライト,heddoraito,4,headlight
10828,ヘビ,hebi,4,snake; serpent; large snake
10829,ヘリコプター,herikoputā,4,helicopter
10830,ベガルタ,begaruta,4,
10831,ベター,betā,4,better; preferable
10832,ベラボット,berabotto,4,
10833,ベランダ,beranda,4,balcony; veranda; verandah; porch
10834,ベリーノホテル,berīnohoteru,4,
10835,ベンチ,benchi,4,bench
10836,ベーグル,bēguru,4,bagel
10837,ベージュ,bēju,4,beige
10838,ペコ,peko,4,
10839,ペルセウス,peruseusu,4,
10840,ペーパー,pēpā,4,paper
10841,ホカロン,hokaron,4,
10842,ホロメン,horomen,4,
10843,ホロライブ,hororaibu,4,
10844,ホームラン,hōmuran,4,home run
10845,ボイス,boisu,4,voice
10846,ポカポカ,pokapoka,4,pleasantly warm; nice and warm; repeatedly (hitting someone); again and again; over and over
10847,ポケモンセンター,pokemonsentā,4,
10848,ポジション,pojishon,4,position
10849,ポリエステル,poriesuteru,4,polyester
10850,ポンポン,ponpon,4,pompon; pompons; bobbles; tummy; tumtum
10851,マイクロ,maikuro,4,micro-; micro; 10^-6; minibus; microfilm
10852,マイノリティー,mainoriteī,4,minority
10853,マウンド,maundo,4,mound
10854,マサ,masa,4,
10855,マスコット,masukotto,4,mascot
10857,マックス,makkusu,4,maximum; max; mux (multiplexor)
10858,マッチング,matchingu,4,matching; networking
10859,マット,matto,4,"mat; matte (finish, colour, etc.); matt; canvas (boxing, wrestling); matte (metallurgy)"
10860,マドゥロ,madouro,4,
10861,マドレーヌ,madorēnu,4,madeleine (cake)
10862,マナー,manā,4,manners; etiquette
10863,ママ,mama,4,mama; mamma; mom; mommy; mum
10864,マムズタッチ,mamuzutatchi,4,
10865,マリコ,mariko,4,
10866,マルコス,marukosu,4,
10867,マンガ,manga,4,cartoon; comic; comic strip; manga
10868,マーラー,mārā,4,mala (spicy and numbing flavor)
10869,ミゲル,migeru,4,
10870,ミスター,misutā,4,mister; Mr
10871,ミッション,misshon,4,mission; delegation; transmission
10872,ミニサイズ,minisaizu,4,mini size
10873,ミュージシャン,myūjishan,4,musician
10874,ミリ,miri,4,milli-; 10^-3; millimetre; millimeter
10875,ムスリム,musurimu,4,Muslim; Moslem
10876,ムタ,muta,4,
10877,ムチ,muchi,4,whip; lash; scourge; stick; cane
10878,ムラ,mura,4,
10879,メイド,meido,4,maid
10880,メキシコシティ,mekishikoshitei,4,Mexico City
10881,メシ,meshi,4,
10882,メン,men,4,men; man; member
10883,メンズ,menzu,4,"men's (fashion, wear, etc.)"
10884,モダン,modan,4,modern
10885,モリモリ,morimori,4,(eating) heartily; energetically; vigorously; (working) hard; enthusiastically
10886,ユダヤ,yudaya,4,Judea (southern Palestine); Jews
10887,ユッケ,yukke,4,yukhoe (Korean dish of seasoned raw beef topped with an egg yolk)
10888,ユーチューブ,yūchūbu,4,YouTube (Internet video-sharing web site)
10889,ヨロシ,yoroshi,4,
10890,ライフスタイル,raifusutairu,4,lifestyle
10891,ラグジュアリー,ragujuarī,4,luxury; luxurious
10892,リア,ria,4,rear
10893,リスナー,risunā,4,listener
10894,リスペクト,risupekuto,4,respect
10895,リッチ,ritchi,4,rich; wealthy; affluent; rich (flavour)
10896,リピート,ripīto,4,repeating; repetition; repeat (performance); rebroadcast; repeat sign
10897,リラックス,rirakkusu,4,relax
10898,リーダーシップ,rīdāshippu,4,leadership
10899,ルカ,ruka,4,
10900,ルビー,rubī,4,ruby; ruby character; small hiragana or katakana readings of kanji usually above or to the side of the kanji (esp. used by printers and in ref. to printed material); Ruby (programming language)
10901,レイヤー,reiyā,4,layer; cosplayer (someone who participates in cosplay); cosplayers
10902,レインボー,reinbō,4,rainbow
10903,レジャー,rejā,4,leisure
10904,レッスン,ressun,4,lesson
10905,レフェリー,referī,4,referee
10906,レンコン,renkon,4,lotus root
10907,レーダー,rēdā,4,radar
10908,ロイヤル,roiyaru,4,royal; loyal; royal custard; custard royale
10909,ログイン,roguin,4,login
10910,ロケーション,rokēshon,4,location
10911,ロマンス,romansu,4,romance; love story; love affair; romantic relationship
10912,ロン,ron,4,winning by picking up a discarded tile
10913,ロー,rō,4,low; low gear; rho; raw (image format); RAW
10915,ローション,rōshon,4,lotion; sexual lubricant
10916,ワイドショー,waidoshō,4,"infotainment television program; TV gossip show; (tabloid) talk show; talk show featuring discussion of current news, etc."
10917,ワキ,waki,4,
10918,ワシ,washi,4,eagle (Accipitridae family)
10919,ワード,wādo,4,word; Word; Microsoft Word
10921,ーッ,-tsu,4,
12567,アグレッシブ,aguresshibu,3,aggressive
12568,アサリ,asari,3,Manila clam (Ruditapes philippinarum); Japanese littleneck clam
12569,アタリ,atari,3,collision; overlapping (e.g. of two objects in a video game); construction lines (e.g. a rough drawing of a pose before adding details)
12570,アトム,atomu,3,atom
12571,アドバイザー,adobaizā,3,adviser; advisor
12573,アニメイト,animeito,3,animate
12574,アパ,apa,3,
12575,アマチュア,amachua,3,amateur
12576,アミ,ami,3,friend; AMI; opossum shrimp (Mysida spp.); mysid
12577,アメニティ,amenitei,3,amenity
12579,アユ,ayu,3,sweetfish (Plecoglossus altivelis altivelis); ayu; salmon
12580,アラフォー,arafō,3,"around 40 (years of age, esp. women)"
12581,アリス,arisu,3,
12582,アリラン,ariran,3,
12583,アルク,aruku,3,
12584,アルファベット,arufabetto,3,alphabet
12585,アルペン,arupen,3,Alpen
12586,アレルギー,arerugī,3,allergy
12587,アレンジメント,arenjimento,3,arrangement
12588,アワー,awā,3,hour
12589,アンタ,anta,3,
12590,アンチ,anchi,3,anti-; hater
12591,アンテナショップ,antenashoppu,3,shop used for testing sales of new products; showroom; shop selling local specialities to Tokyo
12592,アンド,ando,3,and; AND (boolean operator)
12593,アークス,ākusu,3,
12595,イエス,iesu,3,Jesus (Christ); yes
12596,イケメン,ikemen,3,good-looking guy; handsome man; hunk; Adonis; cool guy
12597,イタリアン,itarian,3,Italian
12598,イデオロギー,ideorogī,3,ideology
12599,インクルーシブ,inkurūshibu,3,inclusive
12600,インストラクター,insutorakutā,3,instructor
12601,インター,intā,3,interchange; international; interview; inter-
12602,インドア,indoa,3,indoor
12603,イートインスペース,ītoinsupēsu,3,
12606,ウォン,uon,3,won (unit of Korean currency)
12607,ウオーカブル,uōkaburu,3,
12608,ウガリ,ugari,3,
12609,ウチ,uchi,3,
12610,ウッド,uddo,3,wood
12611,ウワサ,uwasa,3,
12612,エイリアン,eirian,3,alien
12613,エクセレンス,ekuserensu,3,
12614,エサ,esa,3,(animal) feed; fodder; pet food; bait; lure
12615,エセキボ,esekibo,3,
12616,エネルギア,enerugia,3,
12617,エフレイ,efurei,3,
12618,エリーツ,erītsu,3,
12619,エレガント,ereganto,3,elegant
12622,オシ,oshi,3,
12623,オスロ,osuro,3,Oslo (Norway)
12624,オバマ,obama,3,
12625,オブジェ,obujie,3,objet d'art; item of artwork; object; curio
12626,オヤジ,oyaji,3,
12627,オリジナリティ,orijinaritei,3,originality
12629,オーケーストア,ōkēsutoa,3,
12631,カカオ,kakao,3,cacao; cocoa
12632,カジュアル,kajuaru,3,casual
12633,カステラ,kasutera,3,castella (type of sponge cake)
12634,カズ,kazu,3,
12635,カタツムリ,katatsumuri,3,snail; cochlea
12636,カットイン,kattoin,3,cut-in
12637,カテゴリー,kategorī,3,category
12638,カネ,kane,3,money (esp. dirty money); loot; hardtack; dough
12639,カバン,kaban,3,bag; satchel; briefcase; basket
12640,カビ,kabi,3,mold; mould; mildew
12641,カブス,kabusu,3,
12642,カブトガニ,kabutogani,3,horseshoe crab
12643,カブトムシ,kabutomushi,3,"rhinoceros beetle (esp. the Japanese rhinoceros beetle, Trypoxylus dichotomus)"
12644,カメテテ,kametete,3,
12645,カリ,kari,3,potassium; potash; wild goose; glans; head of a penis
12646,カルチャー,karuchā,3,culture
12648,カルボ,karubo,3,
12649,カレーフェス,karēfesu,3,
12650,カーテン,kāten,3,curtain; curtains
12651,カーブ,kābu,3,curve; turn; bend; curveball; curve ball
12652,カープ,kāpu,3,carp
12653,カール,kāru,3,curl; cwm; cirque; corrie
12654,ガソリンスタンド,gasorinsutando,3,gas station; petrol station
12655,ガッカリ,gakkari,3,to be disappointed; to be dejected; to be downhearted; to lose heart; to feel let down
12656,ガッツポーズ,gattsupōzu,3,triumphant pose assumed by an athlete
12658,ガラリ,garari,3,loudly (flinging open a door); with a clatter; with a rattle; with a crash (e.g. of a falling structure); completely (change)
12659,ガレージ,garēji,3,garage (at house)
12661,キッカケ,kikkake,3,chance; start; cue; excuse; motive
12662,キックボクシング,kikkubokushingu,3,kickboxing; kick-boxing
12663,キッズラップ,kizzurappu,3,
12664,キツイ,kitsui,3,
12665,キティ,kitei,3,
12666,キャスティング,kyasuteingu,3,casting
12667,キャンセル,kyanseru,3,cancellation
12668,キャンディー,kyandī,3,candy; sweets
12669,キュー,kyū,3,"cue (billiards, pool); cue stick; cue (music, theatre, etc.); Q; q"
12670,キラフレンド,kirafurendo,3,
12671,キラー,kirā,3,killer; destroyer; annihilator; defeater; seducer
12672,キリシタン,kirishitan,3,early Japanese Christianity (from the later Muromachi period); early Japanese Christian
12674,キンキン,kinkin,3,shrill; strident; piercing; tinkling; metallic-sounding
12675,キーウ,kīu,3,
12676,キーボード,kībōdo,3,keyboard
12677,ギザギザ,gizagiza,3,notches; serration; indentation; jaggies (stair-step artifacts in computer images); notched
12678,ギチギチ,gichigichi,3,creakily; close (i.e. with no room to spare)
12679,ギャップ,gyappu,3,gap; difference; disparity; discrepancy; disconnect
12680,ギャング,gyangu,3,gang; gangster
12681,ギョーザ,gyōza,3,gyoza; pot sticker; crescent-shaped pan-fried dumplings stuffed with minced pork and vegetables
12682,ギラヴァンツ,giravantsu,3,
12683,クッキング,kukkingu,3,cooking
12684,クムニョ,kumunyo,3,
12685,クライマックス,kuraimakkusu,3,climax
12686,クリ,kuri,3,Japanese chestnut (Castanea crenata); clitoris
12687,クリエイティブ,kurieiteibu,3,creative
12688,クリケット,kuriketto,3,cricket (game)
12689,クリスタル,kurisutaru,3,crystal
12690,クリップ,kurippu,3,"clip (paper, surgical, etc.); hairpin; hair slide; curler"
12691,クルマ,kuruma,3,
12692,クルマエビ,kurumaebi,3,kuruma prawn (Marsupenaeus japonicus); kuruma shrimp; Japanese tiger prawn
12693,クルミッ,kurumitsu,3,
12694,クルーズ,kurūzu,3,cruise
12695,クレイジー,kureijī,3,crazy
12696,クロネージュ,kuronēju,3,
12697,クワガタ,kuwagata,3,hoe-shaped helmet crest; stag beetle
12698,クーラー,kūrā,3,air conditioner; cooler
12699,グラフ,gurafu,3,graph
12700,グラン,guran,3,"large; gland; ground (e.g. land, electrical, base material of textiles, etc.)"
12701,グレー,gurē,3,grey (gray); gray (SI unit of absorbed dose of radiation)
12703,ケチャップ,kechappu,3,ketchup; catsup
12704,ケバブ,kebabu,3,kebab
12705,ケン,ken,3,
12706,ケンカ,kenka,3,quarrel; brawl; fight; squabble; scuffle
12707,ゲラシモフ,gerashimofu,3,
12708,ゲー,gē,3,Gaia (Greek goddess); Gaea; (video) game; yuck; vomit
12709,ゲート,gēto,3,"gate (for entry, boarding, etc.); gate; logic element"
12710,コト,koto,3,
12711,コメディー,komedī,3,comedy
12712,コラボイベント,koraboibento,3,
12713,コリア,koria,3,Korea
12714,コリアン,korian,3,Korean
12715,コンタクト,kontakuto,3,contact; contact lens
12716,コンディション,kondishon,3,condition
12717,コンビーフ,konbīfu,3,corned beef
12718,コンプライアンス,konpuraiansu,3,compliance
12719,コンベンション,konbenshon,3,convention
12720,コンペ,konpe,3,competition
12721,コンロ,konro,3,"cooking stove; burner (gas, electric, etc.); range; cooktop; hob"
12722,ゴキブリ,gokiburi,3,cockroach
12723,ゴマ,goma,3,sesame seeds; sesame (Sesamum indicum)
12725,ゴルファー,gorufā,3,golfer
12726,ゴー,gō,3,go (somewhere); go (signal)
12727,ゴーグル,gōguru,3,goggles
12728,ゴーヤ,gōya,3,bitter melon (Momordica charantia); bitter gourd
12729,サイエンス,saiensu,3,science
12730,サウジ,sauji,3,Saudi Arabia
12731,サウジアラビア,saujiarabia,3,Saudi Arabia
12733,サファリ,safari,3,safari
12734,サプライ,sapurai,3,supply
12735,サヨナラ,sayonara,3,goodbye; so long; farewell; saying goodbye to (e.g. life as a bachelor); putting an end to
12736,サングラス,sangurasu,3,sunglasses
12737,サンゴ,sango,3,coral
12739,サンタ,santa,3,Santa; Santa Claus
12740,サンデー,sandē,3,sundae; Sunday
12741,サンリオ,sanrio,3,
12742,サーロイン,sāroin,3,sirloin
12743,ザクザク,zakuzaku,3,walking on frost; crunching (e.g. on gravel); lots of coins or jewels; cutting into large pieces; loosely weaving
12744,ザップ,zappu,3,zap
12746,シカ,shika,3,"deer (esp. the sika deer, Cervus nippon); cervid"
12747,シカゴ,shikago,3,Chicago
12748,シコルスキー,shikorusukī,3,
12749,シビ,shibi,3,
12750,シャインマスカット,shainmasukatto,3,
12751,シャカシャカ,shakashaka,3,nylon track suit (when worn as street fashion); rattle-rattle; rustle-rustle; whisper-whisper; squiff-squiff
12752,シャトル,shatoru,3,shuttlecock; shuttle service (e.g. bus); shuttle (weaving); space shuttle
12753,シャドウミュウツー,shadoumyūtsū,3,
12754,シャレ,share,3,joke; pun; jest; witticism; wordplay
12755,シュガー,shugā,3,sugar
12756,シュクメルリ,shukumeruri,3,
12757,シュレッドチーズ,shureddochīzu,3,shredded cheese; grated cheese
12758,ショッパー,shoppā,3,shopper; shopping bag
12759,ション,shon,3,
12760,ショートケーキ,shōtokēki,3,shortcake
12761,シリアル,shiriaru,3,serial; cereal
12762,シリコン,shirikon,3,silicon; silicone (oxidized form)
12763,シルエット,shiruetto,3,silhouette
12764,シレッ,shiretsu,3,
12766,シンクタンク,shinkutanku,3,think tank
12767,シングル,shinguru,3,single; single bed; hotel room with a single bed; single-breasted; single-cuffed
12768,シンポ,shinpo,3,symposium
12769,シーイン,shīin,3,
12770,シークレット,shīkuretto,3,secret
12771,シータ,shīta,3,theta
12772,シードル,shīdoru,3,cider (alcoholic); hard cider
12774,ジェネリック,jienerikku,3,generic
12775,ジェフ,jiefu,3,
12776,ジェム,jiemu,3,gem
12778,ジオパーク,jiopāku,3,
12779,ジャニー,janī,3,
12780,ジャンク,janku,3,junk; junk (Chinese ship)
12781,ジャンボ,janbo,3,jumbo
12782,ジュニアマイスター,juniamaisutā,3,
12783,ジュネーブ,junēbu,3,Geneva
12784,ジュンク,junku,3,
12785,ジュー,jū,3,Jew; jus
12786,ジョイフル,joifuru,3,joyful
12787,ジョージア,jōjia,3,Georgia (country); Georgia (US state)
12788,ジンバブエ,jinbabue,3,Zimbabwe
12789,ジーンズ,jīnzu,3,jeans; denim; jean
12792,スイセン,suisen,3,daffodil (esp. Narcissus tazetta var. chinensis); narcissus
12793,スイレン,suiren,3,water lily (any plant of genus Nymphaea); pygmy waterlily (Nymphaea tetragona)
12794,スウェーデン,sūēden,3,Sweden
12795,スクランブル,sukuranburu,3,scramble
12796,スクープ,sukūpu,3,scoop
12797,スクールバス,sukūrubasu,3,school bus
12798,スゲェ,sugē,3,incredible; unbelievable; terrific; impressive
12799,ススム,susumu,3,
12800,ススメ,susume,3,
12801,スタイリッシュ,sutairisshu,3,stylish
12802,ステイホーム,suteihōmu,3,staying at home
12803,ストロングスタイル,sutorongusutairu,3,strong-style wrestling; pro wrestling as a fighting style
12805,スニーカー,sunīkā,3,sneaker; sneakers
12806,スノーボード,sunōbōdo,3,snowboard; snowboarding
12807,スパイラル,supairaru,3,spiral
12808,スプレー,supurē,3,spray; sprayer; atomizer; sprinkles (confectionery); hundreds and thousands
12809,スムージー,sumūjī,3,smoothie
12810,スリップ,surippu,3,slip; skid; slide; slip (i.e. petticoat); slip (of paper)
12811,スリランカ,suriranka,3,Sri Lanka
12812,スリーコインズ,surīkoinzu,3,
12813,スンドゥブ,sundoubu,3,sundubu; sundubu jjigae; soft tofu stew
12814,スー,sū,3,Sioux; sou; four
12815,スーダン,sūdan,3,Sudan
12816,スーパードライ,sūpādorai,3,
12817,ズレ,zure,3,
12818,セリ,seri,3,Java water dropwort (Oenanthe javanica); Japanese parsley; stage elevator; trapdoor
12819,セロトニン,serotonin,3,serotonin
12821,セールス,sērusu,3,sales; selling; salesman
12823,タイアップ,taiappu,3,tie-up; collaboration; partnership; cooperation
12824,タイタニック,taitanikku,3,
12825,タイムリー,taimurī,3,timely; well-timed; clutch hit; run-scoring hit; RBI hit
12826,タコス,takosu,3,taco
12827,タックル,takkuru,3,tackle (e.g. rugby); fishing tackle
12828,タッグ,taggu,3,tag; label; game of tag; tag-team match; working together as a team
12829,タヌキ,tanuki,3,tanuki (Nyctereutes procyonoides); raccoon dog; sly dog; sly old fox; sly fox
12830,タピオカ,tapioka,3,tapioca
12831,タブンネ,tabunne,3,
12832,タマゴ,tamago,3,
12833,タラ,tara,3,"gadid (any fish of the family Gadidae, incl. cod, haddock, whiting and pollack); Pacific cod (Gadus macrocephalus); Japanese angelica tree (Aralia elata)"
12834,タラバガニ,tarabagani,3,red king crab (Paralithodes camtschaticus)
12835,タレコミ,tarekomi,3,tip-off (to the authorities); information (on); anonymous report
12836,タンメン,tanmen,3,Chinese-style stir-fried vegetable noodle soup
12837,ダイヤモンド,daiyamondo,3,"diamond (mineral, gemstone); diamond; infield; diamond (card suit)"
12839,ダッシュボード,dasshubōdo,3,dashboard; dash
12840,ダメージ,damēji,3,damage
12841,ダークホース,dākuhōsu,3,dark horse
12842,チェア,chea,3,chair
12843,チェダーチーズ,chedāchīzu,3,cheddar cheese
12844,チェロ,chero,3,cello; violoncello
12845,チェンジ,chenji,3,change
12846,チック,chikku,3,pomade stick; stick pomade; tic; spasm; twitch
12847,チビチビ,chibichibi,3,
12848,チャンネル,channeru,3,channel
12849,チャンピオン,chanpion,3,champion
12851,チー,chī,3,seven; forming a chow by picking up a tile discarded by another player
12852,チートデイ,chītodei,3,
12853,チームワーク,chīmuwāku,3,teamwork
12854,ツヤ,tsuya,3,
12855,ティッシュ,teisshu,3,tissue; facial tissue
12856,ティラミス,teiramisu,3,tiramisu
12857,テムズ,temuzu,3,
12858,テレホンカード,terehonkādo,3,telephone card
12859,テレワーク,terewāku,3,telework; telecommuting; remote work
12860,テンポ,tenpo,3,tempo
12861,デイリー,deirī,3,daily
12862,デミ,demi,3,demi-
12863,デリカ,derika,3,delicatessen
12864,デート,dēto,3,date (with someone); (social) outing (for two); date night; date (day)
12865,トクトクパック,tokutokupakku,3,
12866,トゲ,toge,3,"thorn; spine; prickle; splinter (esp. lodged in one's flesh); hard sharp item (esp. lodged in one's throat, e.g. fish bone)"
12867,トップアスリート,toppuasurīto,3,
12868,トッポギ,toppogi,3,"tteokbokki (stir-fried rice cake with meat, eggs, seasoning, etc.); ddeokbokki"
12869,トトロ,totoro,3,
12870,トマトケチャップ,tomatokechappu,3,tomato ketchup
12871,トラ,tora,3,tiger (Panthera tigris); drunkard; drunk; sot; trouble
12872,トラウマ,torauma,3,trauma (usu. psychological)
12873,トラフ,torafu,3,trough
12875,トレンド,torendo,3,trend
12876,トロトロ,torotoro,3,sticky; syrupy; pulpy; weakly (of a flame); gently (e.g. boil)
12877,トロリ,torori,3,thick; viscous; sleepy
12878,トンボ,tonbo,3,dragonfly; damselfly; crop mark (usu. on paper); trim mark; registry guide
12879,ドクター,dokutā,3,doctor
12880,ドジャースタジアム,dojāsutajiamu,3,
12881,ドック,dokku,3,dock; thorough physical examination
12882,ドネツク,donetsuku,3,
12883,ドバドバ,dobadoba,3,pouring out in large amounts; flowing out gushingly
12884,ドラクエ,dorakue,3,
12885,ドラフト,dorafuto,3,draft (esp. in baseball); draft; rough copy; rough sketch; draught (beer)
12886,ドラレコ,dorareko,3,drive recorder; dashcam; event data recorder; EDR
12887,ドリアン,dorian,3,"durian (fruit); Dorian (mode, column)"
12888,ドリブル,doriburu,3,dribble (of a ball or puck); dribbling
12889,ドンピシャ,donpisha,3,right on; dead on; fitting to a T; on the button; perfectly correct
12890,ドーハ,dōha,3,Doha (Qatar)
12891,ナイロン,nairon,3,nylon
12892,ナナズ,nanazu,3,
12893,ナノ,nano,3,nano-; 10^-9
12895,ニコチネルパッチ,nikochinerupatchi,3,
12896,ニップン,nippun,3,
12897,ニューデイズ,nyūdeizu,3,
12899,ヌン,nun,3,
12900,ネガティブ,negateibu,3,negative (e.g. thinking); negative; negative (electrical polarity)
12901,ネズミ,nezumi,3,"mouse; rat; dark gray; dark grey; slate (color, colour)"
12902,ネック,nekku,3,neck; bottleneck; obstruction; neckline
12903,ネーム,nēmu,3,"name; nameplate; caption; storyboard (esp. of manga, etc.)"
12904,ノエル,noeru,3,Christmas
12905,ノブ,nobu,3,knob; doorknob
12906,ノルウェー,norūē,3,Norway
12907,ノワール,nowāru,3,black; dark
12908,ノータッチ,nōtatchi,3,without touching; no touching; not participating in; not being concerned by; without being involved in
12909,ハイクオリティ,haikuoritei,3,high quality
12910,ハサミ,hasami,3,scissors; shears; clippers; hole punch
12911,ハチ,hachi,3,bee; wasp; hornet
12912,ハチミツ,hachimitsu,3,honey
12913,ハッキョ,hakkyo,3,
12914,ハナ,hana,3,
12915,ハブ,habu,3,habu (Trimeresurus flavoviridis); yellow-spotted pit viper; hub; being left out; being excluded
12916,ハミ,hami,3,bit (mouthpiece)
12917,ハリウッド,hariuddo,3,Hollywood
12918,ハリソン,harison,3,
12919,ハロー,harō,3,halo; hello; hallo; hullo; harrow
12921,ハーフ,hāfu,3,half; biracial person (esp. half-Japanese); person of mixed parentage
12922,ハーブ,hābu,3,herb
12923,ハーモニカ,hāmonika,3,harmonica; mouth organ; cunnilingus; hypodermic syringe
12924,バイオリン,baiorin,3,violin
12925,バウンド,baundo,3,bounce; bound
12926,バズ,bazu,3,buzz
12927,バッハ,bahha,3,"Bach (German composer, 1685-1750)"
12928,バツグン,batsugun,3,outstanding; excellent; exceptional; surpassing; extraordinary
12929,バリアフリー,bariafurī,3,barrier-free; planning or design to facilitate accessibility for the elderly and disabled
12930,バリッ,baritsu,3,
12931,バリュー,baryū,3,value
12932,バルト,baruto,3,Baltic
12933,バルーン,barūn,3,balloon
12934,バンダイ,bandai,3,
12935,バーコード,bākōdo,3,bar code; comb over (on a balding man); combover
12936,バージョンアップ,bājon'appu,3,updating a software version; version upgrade; upgrading
12937,バーチャル,bācharu,3,virtual
12938,バービー,bābī,3,
12939,バームクーヘン,bāmukūhen,3,baumkuchen; spit cake with cross-section resembling tree rings
12940,バーレル,bāreru,3,barrel
12941,パク,paku,3,
12942,パサ,pasa,3,
12943,パステル,pasuteru,3,pastel
12944,パズル,pazuru,3,puzzle
12945,パチ,pachi,3,snapping (e.g. book shut); clapping; crackling; sputtering; pachinko
12946,パッツファイブ,pattsufaibu,3,
12947,パッド,paddo,3,pad; padding
12948,パナマ,panama,3,Panama
12949,パニック,panikku,3,panic
12950,パノラマ,panorama,3,panorama; panoramic painting
12951,パパイヤ,papaiya,3,papaya (Carica papaya); pawpaw
12952,パラムピッ,paramupitsu,3,
12953,パリピ,paripi,3,clubber; frequenter of nightclubs; party-goer
12954,パル,paru,3,
12955,パワープレイ,pawāpurei,3,
12957,パーソナル,pāsonaru,3,personal
12958,パープル,pāpuru,3,purple
12959,ヒゲ,hige,3,"moustache; beard; whiskers; whiskers (on a cat, etc.); feelers (on an insect, etc.)"
12960,ヒストリア,hisutoria,3,
12961,ヒトラー,hitorā,3,Hitler
12962,ヒド,hido,3,
12963,ヒマワリ,himawari,3,sunflower (Helianthus annuus)
12964,ビッグイベント,bigguibento,3,big event
12965,ビリビリ,biribiri,3,(tear) to pieces; (rip) apart; (rip) up; (rip) open; with a rattle
12966,ビーズ,bīzu,3,beads
12967,ビーチ,bīchi,3,beach
12968,ビーム,bīmu,3,beam
12969,ピザハウスココペリ,pizahausukokoperi,3,
12970,ピップエレキバン,pippuerekiban,3,
12971,ピリッ,piritsu,3,
12972,ピント,pinto,3,"focus (of a lens); focal point; point (of a discussion, e.g. on-point, off-point)"
12973,ピーコックストア,pīkokkusutoa,3,
12974,ファ,fa,3,fa; fah; 4th note of a major scale in movable-do solfège; F (note in the fixed-do system)
12975,ファイザー,faizā,3,
12976,ファイナル,fainaru,3,final
12977,ファクス,fakusu,3,fax; facsimile; fax machine
12978,ファミリー,famirī,3,family
12979,フィッシングメール,fisshingumēru,3,
12980,フィット,fitto,3,fit
12981,フィルター,firutā,3,filter (esp. camera)
12982,フィルハーモニー,firuhāmonī,3,"philharmonic (e.g. orchestra, choir)"
12983,フェ,fe,3,hoe; raw fish or meat dish in Korean cuisine
12984,フォルム,forumu,3,forum; form; shape
12985,フォンデアライエン,fondearaien,3,
12986,フォーム,fōmu,3,foam; form
12987,フクロウ,fukurou,3,"owl (esp. the Ural owl, Strix uralensis)"
12988,フットサル,futtosaru,3,futsal; form of indoor 5-a-side football (soccer)
12989,フライト,furaito,3,flight; fright
12990,フラッシュ,furasshu,3,flash (esp. of a camera); flashlight; flashbulb; very short scene in a film or TV show; newsflash
12991,フラリ,furari,3,
12992,フランク,furanku,3,frank; candid; frankfurter
12993,フリ,furi,3,"lead in (e.g. to a running joke, asking a question); lead up; pretence (pretense); show; pretending (to)"
12994,フリーエージェント,furīējiento,3,free agent
12995,フルーティ,furūtei,3,fruity
12996,フレイル,fureiru,3,(being) frail; in frail health; frailty
12997,フレーク,furēku,3,flake
12998,フレーム,furēmu,3,frame; flame (abusive or threatening message)
12999,フローズン,furōzun,3,frozen
13000,ブザー,buzā,3,buzzer; personal alarm (loud buzzer to attract attention in case of attack)
13001,ブタ,buta,3,pig (Sus scrofa domesticus); pork; fatso; fatty; hand with a total value of 10 or 20 points (in oicho-kabu; results in a loss)
13002,ブッ,butsu,3,strongly; violently; quickly; suddenly
13003,ブックオフ,bukkuofu,3,
13004,ブッシュ,busshu,3,bush
13005,ブッチギリ,butchigiri,3,
13006,ブラウン,buraun,3,brown
13007,ブランク,buranku,3,"blank; blank space; gap; time spent not doing something (e.g. working, practicing)"
13008,ブランチ,buranchi,3,branch; brunch
13009,ブルーベリー,burūberī,3,blueberry
13010,ブレ,bure,3,camera shake; picture blur; deviation; slight shifting
13011,プテラ,putera,3,
13012,プラケース,purakēsu,3,plastic case
13013,プラトン,puraton,3,
13014,プリゴジン,purigojin,3,
13015,プルコギ,purukogi,3,bulgogi (Korean dish of grilled beef)
13016,プルーン,purūn,3,prune
13017,プレゼン,purezen,3,presentation
13018,プレーヤー,purēyā,3,player
13019,プロレスラー,puroresurā,3,pro wrestler
13020,プロント,puronto,3,
13021,プンプン,punpun,3,(smelling) strongly; pungently; furiously; indignantly; fuming
13023,ヘトヘト,hetoheto,3,completely exhausted; dead tired; knackered
13024,ベビー,bebī,3,baby
13025,ベラ,bera,3,wrasse (any fish of family Labridae)
13026,ベーカリー,bēkarī,3,bakery
13027,ペロッ,perotsu,3,
13028,ペロペロ,peropero,3,licking
13030,ホルダー,horudā,3,holder
13031,ホロ,horo,3,hologram
13032,ホワイトハウス,howaitohausu,3,the White House
13033,ボクサー,bokusā,3,boxer; boxer (dog breed)
13034,ボクレー,bokurē,3,
13035,ボコボコ,bokoboko,3,with a burble; hollow (sounding); holey; full of holes or dents; lumpy
13036,ボスティビルド,bosuteibirudo,3,
13037,ボストーチヌイ,bosutōchinui,3,
13038,ボルダ,boruda,3,
13039,ボルト,boruto,3,volt; bolt
13040,ボン,bon,3,good
13041,ボーイ,bōi,3,boy; bellboy; porter; waiter
13042,ポケモンカード,pokemonkādo,3,
13043,ポタージュ,potāju,3,potage (thick soup)
13044,ポッケ,pokke,3,pocket
13045,ポップコーン,poppukōn,3,popcorn
13046,ポツン,potsun,3,isolated; standing alone; falling in drops (e.g. rain); saying a single word; muttering just a few words
13047,ポテ,pote,3,
13048,ポピュラー,popyurā,3,popular
13049,ポピュリズム,popyurizumu,3,populism (politics); populism; literary movement in France that emerged in the 1930s
13050,ポム,pomu,3,
13051,ポルトガル,porutogaru,3,Portugal
13052,ポロシャツ,poroshatsu,3,polo shirt
13053,ポーク,pōku,3,pork
13054,ポーズ,pōzu,3,pose; pause; baozi; Chinese steamed bun
13055,ポール,pōru,3,pole; poll
13056,マイアミ,maiami,3,Miami
13057,マイケル,maikeru,3,
13058,マイナカード,mainakādo,3,My Number Card; identity number card; individual number card
13059,マイナー,mainā,3,"minor; small; unimportant; obscure; minor (key, scale, etc.)"
13060,マインド,maindo,3,mind
13061,マウンテンバイク,mauntenbaiku,3,mountain bicycle; mountain bike
13062,マカロニ,makaroni,3,macaroni
13063,マカロン,makaron,3,macaron (meringue-based sandwich cookie); French macaroon
13064,マシーン,mashīn,3,machine
13065,マスターズ,masutāzu,3,the Masters (golf tournament); U.S. Masters
13066,マスメディア,masumedia,3,mass media
13067,マチャコス,machakosu,3,
13068,マッコール,makkōru,3,
13069,マッサマンカレー,massamankarē,3,
13070,マッシュルーム,masshurūmu,3,common mushroom (Agaricus bisporus); white mushroom
13071,マニュアル,manyuaru,3,(instruction) manual; operations manual; basic rules (pertaining to how a job should be carried out); standards; (car with) manual transmission
13072,マネキン,manekin,3,mannequin
13073,マネジメント,manejimento,3,management
13074,マネージャー,manējā,3,"manager (e.g. of a business, an idol, etc.); in a sports team (esp. at school) someone who does the routine drudge work"
13075,ミクロン,mikuron,3,micron
13076,ミステリー,misuterī,3,mystery
13077,ミズキ,mizuki,3,dogwood (Cornus controversa)
13078,ミソ,miso,3,
13079,ミナク,minaku,3,
13080,ミニバス,minibasu,3,minibus
13081,ミネハハ,minehaha,3,
13082,ミネラル,mineraru,3,mineral
13083,ミネルバ,mineruba,3,Minerva (Roman goddess)
13084,ミノキシジル,minokishijiru,3,minoxidil
13085,ミュージック,myūjikku,3,music
13086,ミューズ,myūzu,3,Muse; one's muse
13087,ミラクル,mirakuru,3,miracle
13088,ミレ,mire,3,
13089,ミーティング,mīteingu,3,meeting
13090,メイプル,meipuru,3,maple; maple syrup
13091,メイプルシロップ,meipurushiroppu,3,
13092,メタ,meta,3,meta
13093,メタバース,metabāsu,3,
13094,メチャ,mecha,3,
13095,メディカル,medikaru,3,medical
13096,メトロ,metoro,3,metro; subway; underground railway
13097,メルセデス,merusedesu,3,
13098,メンツ,mentsu,3,face; honour; honor; meld; lineup (of players participating in a mahjong game)
13099,メーター,mētā,3,meter; gauge; metre (i.e. 100 cm); animator
13100,メーデー,mēdē,3,Mayday (call for help); May Day (May 1)
13101,メールアドレス,mēruadoresu,3,email address
13102,モカ,moka,3,mocha
13103,モスク,mosuku,3,mosque
13104,モテ,mote,3,
13105,モニター,monitā,3,"(computer) monitor; consumer who comments on products, television programs, etc. (programmes); program or utility that monitors a program or activity"
13106,モニュメント,monyumento,3,monument
13107,モノクロ,monokuro,3,monochrome
13108,モルモット,morumotto,3,guinea pig (Cavia porcellus); subject of an experiment; (human) guinea pig
13109,モロゾフ,morozofu,3,
13110,モロッコ,morokko,3,Morocco
13111,モンバサ,monbasa,3,
13112,モー,mō,3,mho (unit of conductance)
13113,モーター,mōtā,3,motor
13114,ヤオコー,yaokō,3,
13115,ヤナギノマイ,yanaginomai,3,
13116,ヤマ,yama,3,
13117,ヤマザキ,yamazaki,3,
13118,ヤミ,yami,3,
13119,ヤン,yan,3,
13120,ヤンニョムチキン,yannyomuchikin,3,
13121,ユキノチカラ,yukinochikara,3,
13123,ユニバーサル,yunibāsaru,3,universal
13124,ユル,yuru,3,
13125,ユース,yūsu,3,youth; use
13126,ユーラシア,yūrashia,3,Eurasia
13127,ユーロ,yūro,3,Euro-; euro (the currency)
13129,ライ,rai,3,lie; rye; rai (Algerian music style)
13130,ラッピング,rappingu,3,"wrapping; lapping (i.e. grinding, polishing)"
13131,ラピュタ,rapyuta,3,
13132,ラブロフ,raburofu,3,
13133,ラボ,rabo,3,lab; language lab
13134,ラマ,rama,3,llama (Lama glama); lama
13135,ランドリー,randorī,3,laundry
13136,ランナー,rannā,3,runner
13137,ランニング,ranningu,3,running; tank top
13138,ラージボール,rājibōru,3,large ball
13140,リアルタイム,riarutaimu,3,real time
13141,リソース,risōsu,3,resource
13142,リチャード,richādo,3,
13143,リップ,rippu,3,lip; lip balm; chapstick; raster image processor; RIP
13144,リツイート,ritsuīto,3,retweet
13145,リトアニア,ritoania,3,Lithuania
13146,リナ,rina,3,
13147,リハビリ,rihabiri,3,rehabilitation
13148,リベンジ,ribenji,3,revenge; making a new attempt where one previously failed; determination of a loser to win the next time
13149,リボン,ribon,3,ribbon
13150,リュウ,ryū,3,
13151,リーマン,rīman,3,salary man
13154,ルピー,rupī,3,rupee
13155,ループ,rūpu,3,loop; band; ring; loop (programming); loop (railway line)
13156,レアステーキ,reasutēki,3,
13157,レアポケモン,reapokemon,3,
13158,レクリエーション,rekuriēshon,3,recreation; re-creation
13159,レジェンド,rejiendo,3,legend; folklore; tradition; legend (e.g. on a map); usage guide
13160,レバー,rebā,3,lever; joystick; liver
13161,レベルアップ,reberuappu,3,leveling up; raising the level (of); boosting; improving; improvement
13162,レンチ,renchi,3,wrench; spanner
13163,ロイコ,roiko,3,
13164,ロッカー,rokkā,3,locker; rocker
13165,ロックバンド,rokkubando,3,rock band
13166,ロト,roto,3,lot (production); batch; lotto
13167,ロマ,roma,3,Roma (people); Romani
13168,ロータス,rōtasu,3,lotus
13169,ロード,rōdo,3,road; load; lord
13171,ローラー,rōrā,3,roller
13172,ロール,rōru,3,roll
13173,ワサビ,wasabi,3,wasabi (Wasabia japonica); Japanese horseradish
13174,ワンタン,wantan,3,wonton (Chinese dumpling); won ton; wantan; wanton; wuntun
13175,ワンツー,wantsū,3,one-two punch
13176,ワールドカップ,wārudokappu,3,World Cup (e.g. soccer)
15830,アイスティー,aisuteī,2,iced tea; ice tea
15831,アイスホッケー,aisuhokkē,2,ice hockey
15832,アイデンティティー,aidenteiteī,2,identity
15833,アイランド,airando,2,island
15834,アウター,autā,2,outer; outerwear; overgarment
15835,アウトレットストア,autorettosutoa,2,outlet store
15836,アエナ,aena,2,
15837,アオゾイ,aozoi,2,
15838,アオハル,aoharu,2,
15839,アクエリアス,akueriasu,2,
15840,アクシデント,akushidento,2,accident
15841,アクセル,akuseru,2,accelerator; accelerator pedal; gas pedal; Axel (figure skating jump); axel
15842,アクタス,akutasu,2,
15843,アクティビティ,akuteibitei,2,activity
15844,アコ,ako,2,
15845,アサコ,asako,2,
15846,アサヒコ,asahiko,2,
15847,アスタリスク,asutarisuku,2,asterisk
15848,アスパラ,asupara,2,asparagus
15849,アスピア,asupia,2,
15850,アスリート,asurīto,2,athlete
15851,アスレチック,asurechikku,2,athletics; sports; adventure course; (outdoor) obstacle course
15852,アセスメント,asesumento,2,assessment
15853,アタッカー,atakkā,2,attacker (esp. in volleyball)
15854,アダプタ,adaputa,2,adapter
15855,アダプター,adaputā,2,adapter
15857,アットホーム,attohōmu,2,cosy; cozy
15858,アッバス,abbasu,2,
15859,アッパー,appā,2,upper
15860,アップル,appuru,2,apple; Apple (computer company)
15861,アップルウォッチ,appurūotchi,2,
15862,アップルパイ,appurupai,2,apple pie
15863,アテ,ate,2,
15864,アトリエ,atorie,2,atelier; studio; workshop
15865,アトレ,atore,2,
15866,アド,ado,2,ad; advertisement; address; deuteragonist; secondary or supporting actor in a noh or kyogen play (possibly multiple actors)
15867,アドベンチャー,adobenchā,2,adventure
15868,アドレス,adoresu,2,address; email address
15869,アナウンサー,anaunsā,2,announcer; presenter; broadcaster; reporter; in-house television talent who does on-location fluff pieces for variety shows
15870,アナゴ,anago,2,
15871,アニソン,anison,2,anime song
15872,アニタ,anita,2,
15873,アニマ,anima,2,anima
15874,アノ,ano,2,
15875,アノニマスマスク,anonimasumasuku,2,
15876,アバラ,abara,2,
15877,アパレル,apareru,2,apparel (clothing)
15878,アフガニスタン,afuganisutan,2,Afghanistan
15879,アフガン,afugan,2,Afghan
15880,アフタヌーン,afutanūn,2,afternoon
15881,アブラハム,aburahamu,2,
15882,アプデ,apude,2,update (esp. to software)
15883,アボカド,abokado,2,avocado (Persea americana)
15884,アマ,ama,2,amateur; flax (Linum usitatissimum); linseed
15885,アム,amu,2,
15886,アメフト,amefuto,2,American football
15887,アメリカン,amerikan,2,American; American-style (weak) drip coffee
15888,アメージング,amējingu,2,amazing
15890,アラサー,arasā,2,woman of around thirty
15891,アラファト,arafato,2,
15892,アラモード,aramōdo,2,a la mode
15893,アルゼンチン,aruzenchin,2,Argentina
15894,アルデンテ,arudente,2,al dente
15895,アルパカ,arupaka,2,alpaca (Vicugna pacos)
15896,アルビノ,arubino,2,albino
15897,アルミミニチェア,arumiminichea,2,
15898,アレクサンドル,arekusandoru,2,
15900,アローラ,arōra,2,
15901,アワ,awa,2,
15902,アン,an,2,
15903,アンカー,ankā,2,anchor (of a ship); last runner or swimmer in a relay team; news anchor; news presenter; anchor (clock component)
15904,アンコール,ankōru,2,encore
15905,アンダー,andā,2,under; underexposure; underdevelopment; under par
15906,アンダーアーマー,andāāmā,2,
15907,アンデス,andesu,2,
15908,アーキス,ākisu,2,
15909,アーチ,āchi,2,arch; home run
15911,アーミッシュ,āmisshu,2,Amish
15913,イエロー,ierō,2,yellow
15914,イオ,io,2,Io (moon of Jupiter)
15915,イクラ,ikura,2,salted salmon roe
15916,イジ,iji,2,
15917,イズミ,izumi,2,
15918,イタリアンピアット,itarianpiatto,2,
15919,イッタラ,ittara,2,
15920,イノシシ,inoshishi,2,wild boar; wild pig
15921,イノベーション,inobēshon,2,innovation
15922,イフタール,ifutāru,2,
15923,イヤー,iyā,2,ear; year; why; oh; no!
15924,イラク,iraku,2,Iraq
15925,イルカ,iruka,2,"dolphin (or other small toothed whales, such as porpoises, belugas, etc.)"
15926,イルミーゼ,irumīze,2,
15927,インキ,inki,2,ink
15928,インク,inku,2,ink
15929,インスタグラマー,insutaguramā,2,Instagrammer
15930,インターハイ,intāhai,2,inter-scholastic athletics competition
15931,インディアカ,indiaka,2,
15932,インディーズ,indīzu,2,"indies; independent film, music, publishing, etc."
15934,インフォメーション,infomēshon,2,information
15935,インプレッション,inpuresshon,2,impression
15936,インマーマン,inmāman,2,
15939,ウィンドウ,uindou,2,window; window (shop display)
15940,ウィーク,uīku,2,week; weak
15941,ウイグル,uiguru,2,Uighur (Turkic people and language in China); Uygur
15942,ウインター,uintā,2,winter
15943,ウインド,uindo,2,wind
15945,ウエイター,ueitā,2,waiter
15946,ウエスト,uesuto,2,waist; waistline; waist measurement; waste; west
15947,ウエルカム,uerukamu,2,welcome
15948,ウォーキング,uōkingu,2,walking
15949,ウケ,uke,2,popularity; favour; favor; reception; defense
15951,ウズベキスタン,uzubekisutan,2,Uzbekistan
15952,ウデッポウ,udeppou,2,
15953,ウベモク,ubemoku,2,
15955,ウリチュック,urichukku,2,
15956,ウルトラ,urutora,2,ultra
15957,ウロコ,uroko,2,"scale (of fish, snake, etc.); serif (on kana or kanji (e.g. in Mincho font))"
15958,ウン,un,2,
15959,ウーバー,ūbā,2,
15960,ウーマン,ūman,2,woman
15962,エアポート,eapōto,2,airport
15964,エキスパート,ekisupāto,2,expert
15965,エシレ,eshire,2,
15966,エスパル,esuparu,2,
15967,エスパーウィーク,esupāuīku,2,
15968,エスビー,esubī,2,store brand; straight bond; station break; sideback; social business
15969,エゾシカ,ezoshika,2,Hokkaido sika (deer) (Cervus nippon yesoensis); Yezo sika
15970,エッグ,eggu,2,egg (esp. chicken eggs)
15971,エッセー,essē,2,essay
15974,エベレスト,eberesuto,2,
15975,エモ,emo,2,
15976,エレキ,ereki,2,electricity; electric guitar
15977,エンジョイ,enjoi,2,enjoy
15980,オイ,oi,2,hey!; oi!; ahoy!; I; me
15981,オイスターソース,oisutāsōsu,2,oyster sauce
15982,オオナゴ,ōnago,2,
15983,オカン,okan,2,
15984,オケ,oke,2,orchestra
15985,オス,osu,2,"male (animal, plant)"
15986,オスプレイ,osupurei,2,
15987,オデッセイ,odessei,2,
15988,オニアザミ,oniazami,2,
15989,オニササ,onisasa,2,
15991,オブザーバー,obuzābā,2,observer
15992,オプション,opushon,2,option; selecting an option; optional extra; individual item; separate item
15993,オペレータ,operēta,2,operator
15994,オモロ,omoro,2,
15995,オリエンタル,orientaru,2,oriental
15997,オリックス,orikkusu,2,"oryx (esp. the gemsbok, Oryx gazella)"
15998,オレオ,oreo,2,
15999,オン,on,2,on
16000,オンプレイス,onpureisu,2,
16002,オー,ō,2,O; o; oh!; good heavens!; ugh!
16003,オーガニック,ōganikku,2,organic
16004,オーシャンビュー,ōshanbyū,2,"ocean view (room, etc.); view of the ocean"
16005,オースティン,ōsutein,2,Austin
16006,オーディオ,ōdio,2,audio; audio equipment (esp. high-end)
16007,オートキャンプ,ōtokyanpu,2,motor home camping; caravanning
16008,オートバイ,ōtobai,2,motorcycle
16009,オートミール,ōtomīru,2,oatmeal
16010,オードブル,ōdoburu,2,hors d'oeuvre
16012,カイ,kai,2,chi
16013,カウンセリング,kaunseringu,2,counseling
16014,カオ,kao,2,
16015,カサ,kasa,2,
16016,カサブランカ,kasaburanka,2,
16017,カスタード,kasutādo,2,custard
16018,カスティジョ,kasuteijo,2,
16019,カタ,kata,2,
16020,カタクチイワシ,katakuchīwashi,2,Japanese anchovy (Engraulis japonica)
16021,カタクリ,katakuri,2,dogtooth violet (Erythronium japonicum)
16022,カタチ,katachi,2,
16023,カチューシャ,kachūsha,2,Alice band; horseshoe-shaped hairband made of metal or plastic (often covered with cloth); Katyusha rocket launcher (Soviet)
16024,カッター,kattā,2,cutter; cutting tool; box cutter; utility knife; (tailor's) cutter
16025,カツオ,katsuo,2,skipjack tuna (Katsuwonus pelamis); oceanic bonito; victorfish
16026,カプセルタワービル,kapuserutawābiru,2,
16027,カプセルトイ,kapuserutoi,2,capsule toy; vending machine toy
16029,カメ,kame,2,tortoise; turtle; heavy drinker; turtle crest; turtle mon
16030,カメムシ,kamemushi,2,shield bug; stink bug
16031,カモン,kamon,2,Come on!
16032,カヤグム,kayagumu,2,gayageum (12-stringed Korean zither)
16033,カリカリ,karikari,2,"crisp (e.g. potato chip, fried fish, etc.); crunchy; grumpily; touchily; edgily"
16034,カリスマ,karisuma,2,"charisma (i.e. attractiveness, charm); charisma (i.e. divinely conferred power or talent); charism; charismatic person; someone famous (usu. for their talent)"
16035,カリフラワー,karifurawā,2,cauliflower
16036,カルシウム,karushiumu,2,calcium (Ca)
16037,カルネ,karune,2,
16038,カルパス,karupasu,2,kolbasa (semi-dry Russian sausage); calpas
16039,カルロ,karuro,2,
16040,カレーライス,karēraisu,2,rice and curry; curry rice
16041,カワ,kawa,2,
16042,カワマエール,kawamaēru,2,
16043,カンカン,kankan,2,can-can; extremely angry; furious; enraged; fiercely (shine)
16044,カンチョー,kanchō,2,poking someone's anus with one's index fingers (childish prank)
16045,カントリー,kantorī,2,country; countryside; country and western; nation
16046,カーキ,kāki,2,khaki
16048,カーテンコール,kātenkōru,2,curtain call
16049,カーディガン,kādigan,2,cardigan
16050,カーネル,kāneru,2,kernel
16052,カーン,kān,2,kern; Kahn
16053,ガイア,gaia,2,Gaia (Greek goddess); Gaea
16054,ガイダンス,gaidansu,2,guidance
16055,ガイナーレ,gaināre,2,
16056,ガイル,gairu,2,guile
16058,ガキ,gaki,2,brat; kid; urchin; little devil; preta
16059,ガチガチ,gachigachi,2,"chattering (teeth); (frozen, worried) stiff; rigid (personality, thinking, etc.); inflexible; overly serious"
16060,ガッチリ,gatchiri,2,solid; robust; well-built; tight; taut
16061,ガネ,gane,2,
16062,ガバガバ,gabagaba,2,oversized (clothing); baggy; rolling in (of money); (profiting) greatly; sloshing (e.g. of water)
16063,ガマン,gaman,2,endurance; patience; perseverance; bearing (with something); self-control
16064,ガラ,gara,2,gala
16065,ガラパゴス,garapagosu,2,
16066,ガラント,garanto,2,
16067,ガレット,garetto,2,galette
16068,ガンジー,ganjī,2,
16069,ガード,gādo,2,guard; girder bridge
16070,ガーネット,gānetto,2,garnet
16072,キオクシア,kiokushia,2,
16073,キシ,kishi,2,
16074,キス,kisu,2,"kiss; sillago (any fish of genus Sillago, esp. the Japanese whiting, Sillago japonica)"
16076,キッザート,kizzāto,2,
16077,キッズスタジアム,kizzusutajiamu,2,
16078,キッズダンス,kizzudansu,2,
16079,キツネ,kitsune,2,"fox (esp. the red fox, Vulpes vulpes); fox (i.e. a sly person); soba or udon topped with deep-fried tofu; light brown; golden brown"
16081,キハダ,kihada,2,yellowfin tuna (Thunnus albacares); Amur cork tree (Phellodendron amurense)
16082,キモリ,kimori,2,
16083,キャッチボール,kyatchibōru,2,catch; playing catch
16085,キャプテン,kyaputen,2,captain
16086,キャンドゥ,kyandou,2,
16087,キャンパー,kyanpā,2,camper
16088,キャンプファイヤー,kyanpufaiyā,2,campfire
16089,キュート,kyūto,2,cute
16090,キリンビバ,kirinbiba,2,
16091,キリンビール,kirinbīru,2,
16092,キンセンカ,kinsenka,2,
16093,ギタリスト,gitarisuto,2,guitarist
16094,ギター,gitā,2,guitar
16095,ギッチリ,gitchiri,2,tightly (packed); densely; closely; crammed
16096,ギネス,ginesu,2,
16097,ギャグ,gyagu,2,joke; gag
16098,ギャルリー,gyarurī,2,
16099,ギャンブル,gyanburu,2,gambling
16100,ギョウザ,gyouza,2,gyoza; pot sticker; crescent-shaped pan-fried dumplings stuffed with minced pork and vegetables
16102,クアオルト,kuaoruto,2,
16103,クイーンズ,kuīnzu,2,
16104,クオーター,kuōtā,2,quarter; person with one non-Japanese grandparent
16105,クズ,kuzu,2,kudzu (Pueraria montana); Japanese arrowroot; Chinese moonseed (Sinomenium acutum); waste; scrap
16106,クライアント,kuraianto,2,client
16107,クラシカル,kurashikaru,2,classical
16108,クラブツーリズム,kurabutsūrizumu,2,
16109,クリッパーバン,kurippāban,2,
16110,クリニック,kurinikku,2,clinic; workshop
16111,クリーニング,kurīningu,2,cleaning; dry cleaning; laundry service
16112,クルー,kurū,2,crew
16113,クレジットカード,kurejittokādo,2,credit card
16114,クレムリン,kuremurin,2,kremlin; citadel in Russian town; Great Kremlin Palace (Moscow); Kremlin; Russian government
16115,クレーム,kurēmu,2,claim (for compensation); customer complaint seeking compensation; (general) complaint; objection; crème
16116,クレーン,kurēn,2,crane
16117,クロアチア,kuroachia,2,Croatia
16118,クロスワード,kurosuwādo,2,crossword
16120,クロマニヨンズ,kuromaniyonzu,2,
16121,クロユリ,kuroyuri,2,black lily (Fritillaria camtschatcensis); Kamchatka lily; Kamchatka fritillary
16122,クローズアップ,kurōzuappu,2,close-up; bringing attention (to); bringing to the fore; putting under close scrutiny; highlighting
16123,クローゼット,kurōzetto,2,closet
16125,グアム,guamu,2,Guam
16126,グッチ,gutchi,2,
16127,グリス,gurisu,2,grease
16128,グルテン,guruten,2,gluten
16129,グレタ,gureta,2,
16130,グレープフルーツ,gurēpufurūtsu,2,grapefruit
16131,グローカルビジネス,gurōkarubijinesu,2,
16133,ケツ,ketsu,2,
16134,ケミカル,kemikaru,2,chemical; synthetic
16136,ゲイシャハンター,geishahantā,2,
16138,コウモリ,koumori,2,bat (Chiroptera spp.); umbrella; opportunist; turncoat
16139,コケ,koke,2,"moss; short plants resembling moss (incl. other bryophytes, lichens, very small spermatophytes, etc.); folly; fool"
16140,ココランド,kokorando,2,
16141,コシヒカリ,koshihikari,2,Koshihikari (variety of rice)
16142,コスメ,kosume,2,cosmetics
16143,コスモ,kosumo,2,cosmos
16144,コチラ,kochira,2,
16145,コックピット,kokkupitto,2,cockpit
16146,コッテリ,kotteri,2,
16147,コテコテ,kotekote,2,over the top; thickly; heavily; richly
16148,コピ,kopi,2,
16149,コマチュック,komachukku,2,
16150,コマーシャル,komāsharu,2,commercial (e.g. TV)
16151,コミスジ,komisuji,2,
16152,コミックス,komikkusu,2,comics
16153,コミッション,komisshon,2,commission
16154,コム,komu,2,computer output microfilm system; COM
16155,コムサ,komusa,2,
16156,コラボメニュー,korabomenyū,2,
16157,コラージュ,korāju,2,collage
16158,コルサコフ,korusakofu,2,
16159,コンカフェ,konkafe,2,
16160,コンサルタント,konsarutanto,2,consultant
16161,コンセント,konsento,2,electrical outlet; wall socket; power plug
16162,コンパウンド,konpaundo,2,compound
16164,コンビナート,konbināto,2,industrial complex
16166,コンプ,konpu,2,complete (e.g. a game)
16167,コンプレックス,konpurekkusu,2,"complex; inferiority complex; complex (of buildings, facilities, etc.)"
16168,コンボ,konbo,2,combo (esp. a small jazz group); combination; set; assortment; combo (in video games; set of actions performed in sequence)
16169,コンポート,konpōto,2,compote
16170,コーナーキック,kōnākikku,2,corner kick (soccer)
16171,コーヒーノキ,kōhīnoki,2,
16172,コーポレーション,kōporēshon,2,corporation
16173,コーレーグース,kōrēgūsu,2,"capsicum; chili pepper (chile, chilli); cayenne; red pepper"
16174,ゴッタス,gottasu,2,
16175,ゴテチャ,gotecha,2,
16176,ゴロ,goro,2,grounder; racketeer; thug; rogue; bully
16177,ゴンドラ,gondora,2,"gondola (boat, esp. in Venice); gondola (hot-air balloon, airship, etc.); basket; cabin (cable car, ski lift, etc.); car (elevator)"
16178,ゴースト,gōsuto,2,ghost
16179,ゴーダチーズ,gōdachīzu,2,Gouda cheese
16180,ゴールデンウイーク,gōruden'uīku,2,Golden Week (early-May holiday season in Japan)
16181,サイクリング,saikuringu,2,cycling; bicycling
16182,サイクロン,saikuron,2,cyclone
16183,サイダー,saidā,2,soda pop (esp. fruit-flavored); pop; (fizzy) lemonade; sweet carbonated drink
16184,サイバーパンク,saibāpanku,2,cyberpunk
16185,サイパン,saipan,2,
16186,サクランボ,sakuranbo,2,"cherry fruit (esp. sweet cherry, Prunus avium)"
16187,サシ,sashi,2,between (e.g. two people); face to face; hindrance; impediment; arrhythmic section of recitative in noh music
16189,サニー,sanī,2,sunny
16190,サバンナ,sabanna,2,savanna; savannah
16191,サプリ,sapuri,2,supplement
16192,サム,samu,2,sum; surface-to-air missile; SAM
16193,サムルノリ,samurunori,2,
16194,サモア,samoa,2,Samoa
16197,サラン,saran,2,
16198,サリー,sarī,2,sari; saree
16199,サル,saru,2,"monkey (esp. the Japanese macaque, Macaca fuscata); ape; non-human primate; sly person; idiot"
16200,サロベツ,sarobetsu,2,
16202,サワー,sawā,2,sour cocktail (oft. carbonated); sour (taste)
16203,サンキュー,sankyū,2,thank you
16204,サンキューマート,sankyūmāto,2,
16205,サンクス,sankusu,2,thanks
16206,サンコー,sankō,2,
16207,サンバ,sanba,2,samba
16208,サンフランシスコ,sanfuranshisuko,2,San Francisco
16209,サーターアンダギー,sātāandagī,2,sata andagi; Okinawan sweet deep-fried bun similar to a doughnut
16210,サーチライト,sāchiraito,2,searchlight
16211,サーフ,sāfu,2,surf
16212,ザスパクサツ,zasupakusatsu,2,
16213,ザル,zaru,2,
16214,シアトル,shiatoru,2,Seattle
16215,シェリー,shierī,2,sherry
16216,シェル,shieru,2,shell
16217,シコ,shiko,2,Japanese anchovy (Engraulis japonica)
16218,シズル,shizuru,2,sizzle
16219,シチュエーション,shichuēshon,2,situation
16220,シック,shikku,2,chic; sick; thick
16221,シトラス,shitorasu,2,citrus (fruit)
16222,シナ,shina,2,China; Japanese linden (Tilia japonica)
16223,シネコン,shinekon,2,cinema complex
16224,シバザクラ,shibazakura,2,moss phlox (Phlox subulata); moss pink
16225,シャキ,shaki,2,
16226,シャケ,shake,2,
16227,シャットアウト,shattoauto,2,"shutout; shutting out; locking out; excluding; allowing no runs (goals, etc.)"
16228,シャッフル,shaffuru,2,"shuffle (of playing cards, etc.); rearranging (in a random order); shaking (a container to mix ingredients, etc.)"
16229,シャドウレイド,shadoureido,2,
16230,シャフト,shafuto,2,shaft (e.g. machinery); axle; shaft (golf club); mine shaft; pit
16231,シャリシャリ,sharishari,2,sound of two hard thin objects rubbing together; crunch crunch
16232,シャンゴ,shango,2,
16233,シャープ,shāpu,2,"sharp (blade, image, mind, etc.); sharp; number sign; hash sign; mechanical pencil"
16234,シュタイナー,shutainā,2,
16235,シュッ,shutsu,2,
16236,シュラスコ,shurasuko,2,Brazilian barbecue
16237,シューティング,shūteingu,2,shooting
16238,シュール,shūru,2,surreal; surrealism; shul; schul; synagogue
16239,ショイグ,shoigu,2,
16240,ショッキング,shokkingu,2,shocking
16241,ショボ,shobo,2,
16242,シラス,shirasu,2,whitebait; elver (young eel); shirasu (white pumiceous soil of southern Kyushu)
16243,シルクロード,shirukurōdo,2,Silk Road
16244,シーサイド,shīsaido,2,seaside
16245,シーサー,shīsā,2,Okinawan lion (or lion dog) statue placed as talisman against evil at entrances and on roofs
16246,シーチキン,shīchikin,2,"canned tuna (from sea chicken, orig. a brand name)"
16248,シーリング,shīringu,2,"ceiling; sealing (compound, act of, etc.)"
16249,ジェイコブソン,jieikobuson,2,
16250,ジェスチャー,jiesuchā,2,gesture; charades (game)
16251,ジェノサイド,jienosaido,2,genocide
16252,ジェフユナイテッド,jiefuyunaiteddo,2,
16253,ジェラピケ,jierapike,2,
16254,ジェームズ,jiēmuzu,2,
16255,ジジ,jiji,2,old man; old geezer
16256,ジビエ,jibie,2,wild game
16257,ジャニーズファン,janīzufan,2,
16258,ジャパニーズ,japanīzu,2,"Japanese (people, language, style)"
16260,ジャベリックボール,jaberikkubōru,2,
16261,ジャマイカ,jamaika,2,Jamaica
16262,ジャムロールケーキ,jamurōrukēki,2,
16263,ジャン,jan,2,ta-dah!; ta-da!; voilà!; clash; crash
16264,ジャンケン,janken,2,rock-paper-scissors (game); janken
16265,ジャンジャン,janjan,2,
16266,ジュピター,jupitā,2,Jupiter (Roman god); Jupiter (planet); Jupiter Symphony; Symphony No. 41 by Mozart
16267,ジュン,jun,2,
16268,ジューッ,jūtsu,2,fizzlingly; sputteringly
16269,ジョイス,joisu,2,JOIS
16270,ジョジョ,jojo,2,
16271,ジワリ,jiwari,2,
16272,スイスイ,suisui,2,lightly and smoothly (of movements); swiftly; glidingly; (progressing) smoothly; (solving) easily
16273,スイミング,suimingu,2,swimming
16274,スイング,suingu,2,"swing (of a golf club, tennis racket, etc.); swing (boxing); swing"
16275,スイート,suīto,2,sweet (flavour); sweet (of alcohol); sweet (e.g. melody); pleasant (e.g. atmosphere); pleasing
16276,スカウター,sukautā,2,
16277,スカウト,sukauto,2,(talent) scout; recruiter; headhunter; scouting; headhunting
16278,スカスカ,sukasuka,2,hollow; sharply; cleanly (of cutting); smoothly
16279,スキャンダル,sukyandaru,2,scandal
16280,スクワット,sukuwatto,2,squat
16281,スケッチ,suketchi,2,sketch
16282,スコアレスドロー,sukoaresudorō,2,scoreless draw
16283,スコップ,sukoppu,2,shovel; spade; scoop
16284,スコープ,sukōpu,2,scope
16285,スジ,suji,2,muscle; tendon; sinew; vein; artery
16286,スタイリング,sutairingu,2,styling
16287,スタウト,sutauto,2,stout
16288,スタジオ,sutajio,2,studio
16289,スタメン,sutamen,2,starting lineup; player in the starting lineup
16290,スタンバイ,sutanbai,2,standby; preparation; arrangement
16291,ステッカー,sutekkā,2,sticker; stacker
16292,ステント,sutento,2,"stent (tubular support temporarily placed inside a blood vessel, etc.)"
16293,ステンドグラス,sutendogurasu,2,stained glass
16294,ステーキロッヂ,sutēkirojji,2,
16295,ストライキ,sutoraiki,2,strike (i.e. industrial action)
16296,ストライク,sutoraiku,2,"strike (e.g. in baseball, bowling)"
16297,ストリートビュー,sutorītobyū,2,(Google) street view
16298,ストーン,sutōn,2,stone; bijou; trinket; gemstone; stone (unit of weight: 14lb)
16299,スナップ,sunappu,2,snap (e.g. of the wrist in baseball); snapshot (esp. of people); snap fastener; press stud; Systems for Nuclear Auxiliary Power
16300,スノーシュー,sunōshū,2,snowshoes; Snowshoe (cat breed)
16301,スノードーム,sunōdōmu,2,snow globe
16302,スパ,supa,2,"hot spring; mineral spring; spa; salon offering beauty treatments, weight reduction, relaxation, etc.; spaghetti"
16303,スパイク,supaiku,2,spike (on a shoe or tyre); stud; cleat; spiked shoes; spikes
16305,スパイダーマン,supaidāman,2,
16306,スパン,supan,2,span
16307,スフ,sufu,2,staple fiber; staple fibre
16308,スペーシア,supēshia,2,
16309,スポットライト,supottoraito,2,spotlight
16310,スポフロンティア,supofuronteia,2,
16311,スマイルエイジング,sumairueijingu,2,
16312,スモークフィルム,sumōkufirumu,2,
16313,スライ,surai,2,
16314,スラミチ,suramichi,2,
16315,スラムダンク,suramudanku,2,
16316,スリーブ,surību,2,sleeve
16317,スルスル,surusuru,2,
16318,スーパープレイ,sūpāpurei,2,
16319,ズシリ,zushiri,2,
16320,ズッキーニ,zukkīni,2,zucchini; courgette
16321,ズバ,zuba,2,
16322,ズブ,zubu,2,
16323,セオリー,seorī,2,theory
16324,セキュリティ,sekyuritei,2,security
16325,セシウム,seshiumu,2,cesium (Cs); caesium
16326,セッション,sesshon,2,session; jam session; jam
16327,セッピョル,seppyoru,2,
16328,セニョール,senyōru,2,señor
16329,セピア,sepia,2,sepia
16330,セフィロス,sefirosu,2,
16332,セラピー,serapī,2,therapy
16333,セロテープ,serotēpu,2,cellophane tape; adhesive tape; Sellotape (brand name)
16335,センセイ,sensei,2,
16336,センタ,senta,2,centre; center
16337,センターアイーナ,sentāaīna,2,
16338,セージ,sēji,2,sage
16339,セーフ,sēfu,2,"safe; in (of a ball, in tennis, etc.); all right; OK; acceptable"
16340,セーフティ,sēfutei,2,safety
16341,セーブ,sēbu,2,save; checking; curbing; suppressing; restraining
16342,ゼニガメ,zenigame,2,baby spotted turtle; immature Japanese pond turtle; young Japanese terrapin
16343,ゼンショー,zenshō,2,
16344,ソケット,soketto,2,socket
16345,ソサイエティ,sosaietei,2,
16346,ソツ,sotsu,2,slip-up; mistake; fault; error; oversight
16347,ソナタ,sonata,2,sonata
16348,ソフトウェア,sofutouea,2,software
16349,ソーメン,sōmen,2,fine white noodles
16351,タイガー,taigā,2,"tiger (feline, Panthera tigris)"
16352,タイブレーク,taiburēku,2,tie break
16353,タイムリープ,taimurīpu,2,leaping through time; time travel
16354,タグ,tagu,2,tag; label; game of tag; tag-team match; working together as a team
16355,タルタル,tarutaru,2,tartar; tartare
16356,タルト,taruto,2,tart; roll of sponge cake with sweetened beans
16358,タンブラー,tanburā,2,tumble dryer; tumbler; tumbler dryer; drinking cup
16359,タートルネック,tātorunekku,2,turtleneck; turtle-necked sweater; polo-neck(ed) sweater
16360,ターバン,tāban,2,turban
16361,ダイオード,daiōdo,2,diode
16362,ダイナミック,dainamikku,2,dynamic
16363,ダガロ,dagaro,2,
16364,ダサ,dasa,2,
16365,ダボッ,dabotsu,2,
16366,ダミー,damī,2,dummy
16367,ダルビッシュ,darubisshu,2,
16368,チアリーダー,chiarīdā,2,cheerleader
16369,チェコ,cheko,2,Czech Republic; Czechia
16370,チェッカー,chekkā,2,checker
16373,チキンクリスプ,chikinkurisupu,2,
16374,チキンボーン,chikinbōn,2,
16376,チキンライス,chikinraisu,2,simple chicken and rice stir fry dish (usu. flavoured with ketchup or tomato puree)
16377,チクチク,chikuchiku,2,prickling; stinging; tingling
16378,チゲ,chige,2,Korean stew; Korean hot pot
16380,チップス,chippusu,2,
16381,チャプチェ,chapuche,2,
16382,チャラ,chara,2,cancelling (a debt); forgiving (a debt); being even; forgetting (what was said or done); pretending (something never happened)
16383,チャリ,chari,2,bicycle
16384,チャンセナプ,chansenapu,2,
16385,チョイチョイ,choichoi,2,
16386,チョウ,chou,2,butterfly
16387,チョコホイップ,chokohoippu,2,
16389,チョッテ,chotte,2,
16390,チョンリマ,chonrima,2,Chollima; winged horse of East Asian mythologies
16391,チラッ,chiratsu,2,
16392,チロリアン,chirorian,2,
16393,チロル,chiroru,2,
16395,ツツジ,tsutsuji,2,azalea (Rhododendron spp.)
16396,ツナ,tsuna,2,tuna (esp. canned)
16397,ツナマヨ,tsunamayo,2,"mixture of mayonnaise and canned tuna, used on bread, pasta, etc."
16398,ツル,tsuru,2,"crane (any bird of the family Gruidae, esp. the red-crowned crane, Grus japonensis)"
16399,ツルッ,tsurutsu,2,
16400,ツルツル,tsurutsuru,2,smooth; shiny; slick; slippery; greasy
16401,ツーリング,tsūringu,2,"touring (by car, bike, etc.); tooling"
16403,ヅラ,zura,2,wig; hairpiece; looking like a ...; acting as if a ...
16404,ティザー,teizā,2,"teaser (trailer, advertisement, etc.)"
16405,ティーラテ,teīrate,2,
16406,テカ,teka,2,
16407,テキ,teki,2,beefsteak
16408,テキサス,tekisasu,2,Texas
16409,テク,teku,2,technology; technique; technical
16410,テクノロジー,tekunorojī,2,technology
16412,テシェイラ,teshieira,2,
16413,テニスポタ,tenisupota,2,
16414,テリマヨ,terimayo,2,
16415,テリヤキバーガー,teriyakibāgā,2,
16416,テリー,terī,2,
16417,テリーヌ,terīnu,2,terrine
16418,テル,teru,2,tell (Middle-Eastern archaeological mound); telephone; telephone number; telephone call; phone call
16419,テルアビブ,teruabibu,2,Tel Aviv (Israel)
16420,テンプレート,tenpurēto,2,template
16421,ディスカウント,disukaunto,2,discount
16422,ディープ,dīpu,2,deep
16423,デイサービス,deisābisu,2,nursing in the home by visiting nurses
16424,デイリーヤマザキ,deirīyamazaki,2,
16425,デカンタ,dekanta,2,decanter
16426,デサンティス,desanteisu,2,
16427,デジカメ,dejikame,2,digital camera
16429,デポジット,depojitto,2,deposit
16431,デュッセルドルフ,deyusserudorufu,2,
16432,デリー,derī,2,
16434,トイレットペーパー,toirettopēpā,2,toilet paper
16435,トゥルフォ,tourufo,2,
16436,トウ,tou,2,toe; toe (of a golf club)
16437,トキメキ,tokimeki,2,
16438,トップガン,toppugan,2,
16439,トップバリュ,toppubaryu,2,
16440,トドメ,todome,2,
16441,トム,tomu,2,
16442,トムヤムソース,tomuyamusōsu,2,
16444,トライアル,toraiaru,2,trial
16445,トライアングル,toraianguru,2,triangle (musical instrument); triangle (shape)
16446,トラップ,torappu,2,trap
16447,トラベル,toraberu,2,travel
16448,トランスフォーマー,toransufōmā,2,transformer (toy)
16449,トランルージュ,toranrūju,2,
16450,トリ,tori,2,bird; bird meat (esp. chicken meat); fowl; poultry
16451,トリオ,torio,2,trio
16453,トリキ,toriki,2,
16454,トリム,torimu,2,trim
16455,トリー,torī,2,
16456,トレイ,torei,2,tray
16457,トレイン,torein,2,train
16458,トレジョ,torejo,2,
16459,トレス,toresu,2,
16460,トレンディー,torendī,2,trendy
16461,トレーダージョーズ,torēdājōzu,2,
16462,トンカツ,tonkatsu,2,tonkatsu; breaded pork cutlet
16463,トンム,tonmu,2,
16464,トーキョー,tōkyō,2,
16465,ドカ,doka,2,
16466,ドトールコーヒー,dotōrukōhī,2,
16468,ドラキュラ,dorakyura,2,
16469,ドラゴンズファン,doragonzufan,2,
16470,ドラッグ,doraggu,2,drug; medicine; (illegal) drug; narcotics; dragging (with a cursor)
16471,ドリル,doriru,2,drill bit; drill; drill (practice); drill (Mandrillus leucophaeus)
16472,ドルチェグスト,doruchegusuto,2,
16473,ドローン,dorōn,2,drone; unmanned aircraft
16474,ドール,dōru,2,doll; dhole (Cuon alpinus); Indian wild dog
16475,ドーン,dōn,2,bang; whump; boom
16476,ナイアンティック,naianteikku,2,
16477,ナカ,naka,2,second player (out of three); player that goes after the dealer
16478,ナザレ,nazare,2,
16479,ナゼ,naze,2,
16480,ナッツ,nattsu,2,nuts
16481,ナツ,natsu,2,
16482,ナナ,nana,2,
16483,ナポ,napo,2,
16484,ナポレオン,naporeon,2,Napoleon; napoleon (Japanese card game)
16485,ナンブコムギ,nanbukomugi,2,
16486,ナンボ,nanbo,2,
16487,ナース,nāsu,2,nurse
16488,ニク,niku,2,
16489,ニクソン,nikuson,2,
16490,ニコチン,nikochin,2,nicotine
16491,ニコニコ,nikoniko,2,with a friendly grin; smilingly
16492,ニチレイ,nichirei,2,
16493,ニトリ,nitori,2,
16494,ニノ,nino,2,
16495,ニブフ,nibufu,2,"Nivkh (ethnic minority group of Russia, living near the Amur river and on Sakhalin)"
16496,ニベア,nibea,2,
16497,ニャンコ,nyanko,2,kitty cat
16498,ニャンタ,nyanta,2,
16499,ニュアンス,nyuansu,2,nuance
16500,ニュージーランド,nyūjīrando,2,New Zealand
16502,ヌルヌル,nurunuru,2,"slimy; slippery; greasy; clammy; smoothly (of CGI movements, video streaming, etc.)"
16503,ネイティブ,neiteibu,2,native; native speaker
16504,ネイビー,neibī,2,navy
16505,ネクストウベ,nekusutoube,2,
16506,ネックレス,nekkuresu,2,necklace
16507,ネパール,nepāru,2,Nepal
16508,ネマシュ,nemashu,2,
16509,ネージュ,nēju,2,
16511,ノスタルジック,nosutarujikku,2,nostalgic
16512,ノナ,nona,2,
16513,ノリノリ,norinori,2,in high spirits
16514,ノンフィクション,nonfikushon,2,nonfiction
16515,ノース,nōsu,2,north; Norse
16517,ハイウェイ,haiuei,2,highway
16518,ハイカラ,haikara,2,stylish; smart; fashionable; high collar; hair dressed in a western style
16519,ハオ,hao,2,
16520,ハガキ,hagaki,2,postcard; memo; note; card
16521,ハチャメチャ,hachamecha,2,absurd; unreasonable; nonsensical; preposterous; incoherent
16522,ハデ,hade,2,
16523,ハト,hato,2,pigeon; dove
16524,ハニーズバー,hanīzubā,2,
16525,ハバナ,habana,2,Havana (Cuba)
16526,ハプニング,hapuningu,2,happening; (unexpected) incident; unforeseen event; surprising occurrence
16527,ハマー,hamā,2,
16528,ハムカツ,hamukatsu,2,fried cake of layered slices of ham
16529,ハヤシライス,hayashiraisu,2,hashed meat with rice
16530,ハヤブサ,hayabusa,2,"falcon (esp. the peregrine falcon, Falco peregrinus)"
16531,ハラールレストラン,harāruresutoran,2,
16532,ハリー,harī,2,
16533,ハル,haru,2,
16534,ハルモニ,harumoni,2,
16535,ハンガリー,hangarī,2,Hungary
16536,ハングル,hanguru,2,hangul (Korean script)
16537,ハンマー,hanmā,2,hammer
16538,ハーベスター,hābesutā,2,harvester
16539,ハーモニー,hāmonī,2,harmony
16540,バイエルン,baierun,2,
16541,バイオ,baio,2,bio-; biotechnology; VAIO (Sony brand-name)
16542,バイヤー,baiyā,2,buyer
16543,バウムクーヘン,baumukūhen,2,baumkuchen; spit cake with cross-section resembling tree rings
16544,バキバキ,bakibaki,2,"with a crack (e.g. branches, knuckles)"
16545,バクガメス,bakugamesu,2,
16546,バケッチャ,baketcha,2,
16547,バシッ,bashitsu,2,
16548,バスマティライス,basumateiraisu,2,
16550,バズアカ,bazuaka,2,
16551,バタバタ,batabata,2,flapping; rattling (sound); noisily; clattering noise; commotion
16552,バターチキンカレー,batāchikinkarē,2,
16553,バチクソ,bachikuso,2,extremely; very much
16554,バチッ,bachitsu,2,
16555,バックグラウンド,bakkuguraundo,2,background
16556,バックス,bakkusu,2,Bacchus (Roman god); backs; bucks; VAX; obsolete instruction set architecture
16558,バッサリ,bassari,2,"(cutting) with a single stroke; lopping off (branches, etc.); (cutting hair) short; drastically (slash a budget, etc.); resolutely"
16559,バッシング,basshingu,2,"bashing; fierce criticism; busing (catering); bussing; removing dirty plates, cutlery, etc. from a table in a restaurant"
16560,バッジ,bajji,2,badge
16561,バディ,badi,2,body; body blow (in boxing); buddy
16562,バニプッチ,baniputchi,2,
16563,ババ,baba,2,old woman; joker (card); hag; bitch
16564,バブ,babu,2,
16565,バラク,baraku,2,
16566,バント,banto,2,bunt
16567,バートン,bāton,2,
16568,バーナー,bānā,2,burner
16569,バーンズ,bānzu,2,
16570,パイセン,paisen,2,senior (at work or school); superior; elder; older graduate; progenitor
16571,パイル,pairu,2,"pile (fabric, nuclear reactor, structural support, etc.)"
16572,パイン,pain,2,pineapple; pine
16573,パクパク,pakupaku,2,repeatedly opening and closing (one's mouth); gasping; flapping (e.g. shoe sole); gaping open and shut; heartily (eating)
16574,パサッ,pasatsu,2,
16575,パサパサ,pasapasa,2,state of being dried out
16577,パシャリ,pashari,2,sound of a camera shutter; sound of water splashing
16578,パスポート,pasupōto,2,passport
16579,パセリ,paseri,2,parsley (Petroselinum crispum)
16580,パッチ,patchi,2,patch; close-fitting trousers
16581,パティシエ,pateishie,2,patissier; pastry chef
16582,パトカー,patokā,2,patrol car
16585,パラダイス,paradaisu,2,paradise
16586,パラリンピック,pararinpikku,2,Paralympics
16587,パルコ,paruko,2,park
16589,パンク,panku,2,puncture; flat tyre (tire); blowout; bursting; overflowing
16590,パンジー,panjī,2,pansy (Viola tricolor var. hortensis); garden pansy
16591,パンデ,pande,2,
16592,パンフェス,panfesu,2,
16593,パンプキン,panpukin,2,pumpkin
16595,パー,pā,2,par (in golf); equivalence; face value; parity; par
16596,パーカー,pākā,2,hooded sweatshirt; hoodie; hooded jacket; parka; anorak
16597,パーセント,pāsento,2,percent; percentage
16598,パーラー,pārā,2,parlor; parlour
16599,ヒアリング,hiaringu,2,listening (esp. in foreign language education); listening comprehension; (public) hearing
16600,ヒエ,hie,2,barnyard millet (Echinochloa esculenta); Japanese millet; sanwa millet
16601,ヒシヒシ,hishihishi,2,
16602,ヒスイカズラ,hisuikazura,2,
16603,ヒツジ,hitsuji,2,sheep (Ovis aries)
16604,ヒナ,hina,2,young bird; chick; fledgling; hina doll; doll displayed during the Girls' Festival
16605,ヒマラヤ,himaraya,2,Himalaya
16606,ヒョン,hyon,2,
16607,ヒラメ,hirame,2,"flounder (esp. the large-tooth flounders of family Paralichthyidae, but also lefteye flounders of family Bothidae); bastard halibut; olive flounder (Paralichthys olivaceus)"
16608,ヒルズ,hiruzu,2,
16609,ヒーローズカップ,hīrōzukappu,2,
16610,ビアガーデン,biagāden,2,beer garden
16611,ビアードパパ,biādopapa,2,
16612,ビエネッタ,bienetta,2,
16613,ビシャビシャ,bishabisha,2,soaked; drenched; sopping; slushy; splashing
16614,ビジネスパーソン,bijinesupāson,2,businessperson
16615,ビスコフ,bisukofu,2,
16616,ビッグウェーブ,biggūēbu,2,
16617,ビッシャビシャ,bisshabisha,2,
16618,ビナード,binādo,2,
16619,ビビゴ,bibigo,2,
16620,ビビッ,bibitsu,2,
16621,ビビリ,bibiri,2,chatter mark (machine tools)
16622,ビャンビャン,byanbyan,2,
16623,ビート,bīto,2,beet; beat
16624,ビートルズ,bītoruzu,2,Beatles
16625,ピアス,piasu,2,earrings (for pierced ears); ear piercing; body piercing
16626,ピッチャー,pitchā,2,pitcher; pitcher (container); jug
16627,ピノチェト,pinocheto,2,
16628,ピューレ,pyūre,2,puree
16629,ピラー,pirā,2,
16631,ピーター,pītā,2,
16632,ピーヤ,pīya,2,
16633,ファイターズ,faitāzu,2,
16634,ファイターズガール,faitāzugāru,2,
16635,ファスナー,fasunā,2,fastener; zipper
16636,ファッションショー,fasshonshō,2,fashion show
16637,ファミチキ,famichiki,2,
16638,ファラフェル,faraferu,2,falafel
16639,フィッシュ,fisshu,2,fish; fiche
16640,フィレンツェ,firentsue,2,
16641,フィール,fīru,2,
16642,フェイク,feiku,2,fake
16643,フェットチーネ,fettochīne,2,fettucine
16644,フェンス,fensu,2,fence
16645,フォトコンテスト,fotokontesuto,2,photo contest
16646,フォント,fonto,2,font
16647,フォード,fōdo,2,ford; Ford (car)
16648,フキノトウ,fukinotou,2,
16649,フジテレビ,fujiterebi,2,
16650,フチ,fuchi,2,
16651,フッ,futsu,2,hah (derisively); pooh; pfft (of something disappearing); poof; huff
16652,フットサルリーグ,futtosarurīgu,2,
16653,フナ,funa,2,crucian carp (Carassius spp.)
16654,フライドシャロット,furaidosharotto,2,
16655,フラッ,furatsu,2,
16656,フラッグ,furaggu,2,flag
16657,フラフラ,furafura,2,unsteadily (e.g. on one's feet); shakily; staggering; tottering; reeling
16659,フランチャイズ,furanchaizu,2,franchise
16660,フリーク,furīku,2,"freak (dancing, film, speed, etc.); enthusiast; deformed person, animal. etc.; freak; monster"
16661,フリーズ,furīzu,2,freezing; turning into ice; locking up; freezing (in one's tracks); frieze (part of an entablature between the architrave and the cornice)
16662,フリーランス,furīransu,2,freelance
16663,フルーツポンチ,furūtsuponchi,2,fruit punch
16664,フルート,furūto,2,flute
16665,フレキシブル,furekishiburu,2,flexible
16667,フレンズ,furenzu,2,friends
16668,フレンドリー,furendorī,2,friendly
16669,フレーズ,furēzu,2,phrase; strawberry
16670,フン,fun,2,Hun; feces (esp. animal); excrement; dung
16671,フー,fū,2,phew; whew; huff; whoo; wohoo
16673,ブイヨン,buiyon,2,bouillon
16674,ブス,busu,2,extremely ugly woman
16675,ブダペスト,budapesuto,2,Budapest (Hungary)
16676,ブライアント,buraianto,2,
16677,ブラウザ,burauza,2,(web) browser
16678,ブランシェモチーフ,buranshiemochīfu,2,
16679,ブランニュー,burannyū,2,brand new
16680,ブリヂストン,burijisuton,2,
16681,ブリュレ,buryure,2,
16682,ブルゾン,buruzon,2,blouson; jacket gathered at the waist
16684,ブレスレット,buresuretto,2,bracelet
16685,ブレックファースト,burekkufāsuto,2,breakfast
16687,プチ,puchi,2,small
16688,プチプチ,puchipuchi,2,sound of bubbles (or other small objects) being popped; lumpy sensation (e.g. of food); little bits; small grains; bubble wrap (trademark of Kawakami Sangyo Co.)
16689,プヂン,pujin,2,
16690,プライム,puraimu,2,prime-; prime symbol (')
16691,プラカード,purakādo,2,placard
16692,プラチナ,purachina,2,platinum (Pt)
16693,プラネタリウム,puranetariumu,2,planetarium
16694,プラユット,purayutto,2,
16695,プルプル,purupuru,2,trembling; shivering; jiggling; wobbling; bouncing
16696,プルリル,pururiru,2,
16697,プレゼンス,purezensu,2,presence
16698,プロダクト,purodakuto,2,product
16699,プーパッポンカレー,pūpapponkarē,2,
16700,プーマ,pūma,2,puma
16701,ヘイル,heiru,2,
16702,ヘタ,heta,2,unskillful; poor; awkward; imprudent; untactful
16703,ヘッドコーチ,heddokōchi,2,head coach
16704,ヘッドレスト,heddoresuto,2,headrest (esp. on a car seat)
16705,ヘビー,hebī,2,heavy
16706,ヘラ,hera,2,spatula; (artificially cultured) Japanese crucian carp; Hera (Greek goddess)
16707,ヘリ,heri,2,helicopter
16708,ヘルプ,herupu,2,help
16709,ヘヴィ,hevi,2,heavy
16710,ベア,bea,2,increase in basic salary; bear; bare
16711,ベイ,bei,2,bay
16714,ベッカムファミリー,bekkamufamirī,2,
16715,ベネディクト,benedikuto,2,
16716,ベビーブーム,bebībūmu,2,baby boom
16717,ベリー,berī,2,very; berry; belly
16718,ベルギー,berugī,2,Belgium
16719,ベルク,beruku,2,
16720,ベルベル,beruberu,2,
16721,ベローチェ,berōche,2,
16722,ベングビール,bengubīru,2,
16723,ベンチャーズ,benchāzu,2,
16725,ペク,peku,2,
16726,ペソ,peso,2,peso
16727,ペッパーミル,peppāmiru,2,pepper mill
16728,ペニャ,penya,2,
16729,ペプシ,pepushi,2,
16730,ペペロンチーノ,peperonchīno,2,"spaghetti aglio, olio e peperoncino; spaghetti aglio e olio; spaghetti with garlic, olive oil, and dried red chili flakes; capsicum; chili pepper"
16731,ペラペラ,perapera,2,fluently (speaking a foreign language); incessantly (speaking); glibly; garrulously; volubly
16732,ペルシャ,perusha,2,Persia
16733,ペルー,perū,2,Peru
16734,ペロシ,peroshi,2,
16735,ペンギン,pengin,2,penguin
16736,ホイル,hoiru,2,wheel (esp. of vehicle); foil (esp. aluminium foil)
16737,ホイール,hoīru,2,wheel (esp. of vehicle)
16738,ホクホク,hokuhoku,2,"soft and flaky (pie, potatoes, squash, etc.); fluffy; crumbly; fresh-baked; fresh from the oven"
16739,ホコリ,hokori,2,dust; one ten-billionth
16740,ホッカホカ,hokkahoka,2,
16741,ホビー,hobī,2,hobby
16742,ホヤホヤ,hoyahoya,2,
16743,ホラー,horā,2,horror
16744,ホリデー,horidē,2,holiday
16745,ホロライブシティ,hororaibushitei,2,
16747,ホンダ,honda,2,
16748,ホームタウン,hōmutaun,2,hometown
16749,ホームレス,hōmuresu,2,homeless; homeless person
16750,ボイラー,boirā,2,boiler
16751,ボウリング,bouringu,2,bowling (esp. tenpin); boring; drilling
16752,ボコ,boko,2,
16753,ボタニカルアート,botanikaruāto,2,botanical art
16754,ボッチ,botchi,2,
16755,ボヤ,boya,2,
16756,ボラン,boran,2,borane
16757,ボルドー,borudō,2,Bordeaux
16758,ボレル,boreru,2,
16759,ボロ,boro,2,"rag; scrap; tattered clothes; fault (esp. in a pretense, pretence); defect"
16760,ボーカロイド,bōkaroido,2,"Vocaloid; singing voice synthesis software and related products, or a humanoid persona voiced by such software"
16761,ボーリング,bōringu,2,bowling (esp. tenpin); boring; drilling
16762,ポコチャ,pokocha,2,
16763,ポッキリ,pokkiri,2,
16764,ポッター,pottā,2,
16765,ポップス,poppusu,2,pop music; popular music
16766,ポテサラ,potesara,2,potato salad
16767,ポリ,pori,2,poly-; polyethylene; police; polyphonic
16768,ポリウレタン,poriuretan,2,polyurethane
16769,ポリシー,porishī,2,policy
16770,ポロポロ,poroporo,2,in large drops
16771,ポン,pon,2,with a slap; with a pop; with a plop; without batting an eyelid; generously
16772,ポンチ,ponchi,2,punch (drink); punch (tool)
16773,ポンプ,ponpu,2,pump
16774,ポー,pō,2,
16775,ポークチャップ,pōkuchappu,2,
16776,ポーション,pōshon,2,portion; potion (e.g. magical)
16777,ポートモレスビー,pōtomoresubī,2,Port Moresby (Papua New Guinea)
16778,マイナ,maina,2,
16779,マイノリティ,mainoritei,2,minority
16780,マウジー,maujī,2,
16781,マガジン,magajin,2,magazine
16782,マキシマム,makishimamu,2,maximum
16783,マグニチュード,magunichūdo,2,magnitude
16784,マグマ,maguma,2,magma
16785,マコモダケ,makomodake,2,
16786,マシマシ,mashimashi,2,
16787,マジュダラニ,majudarani,2,
16788,マスター,masutā,2,to master (a skill); proprietor; manager; owner; barkeeper
16789,マスト,masuto,2,mast (of ship); necessary; indispensable; must-have; required
16790,マッカーシー,makkāshī,2,
16792,マッシュポテト,masshupoteto,2,mashed potato
16793,マッチョ,matcho,2,macho; muscular man
16794,マツェゴラ,matsuegora,2,
16795,マテオ,mateo,2,
16796,マトン,maton,2,mutton
16797,マニアック,maniakku,2,maniac (as in rabid sport fan); enthusiast
16798,マニフェスト,manifesuto,2,manifesto
16799,マラン,maran,2,
16800,マリアージュ,mariāju,2,great pairing (e.g. of food and wine); marriage; wedded life; wedding; wedding ceremony
16801,マリーンズ,marīnzu,2,
16802,マルイ,marui,2,
16803,マルチ,maruchi,2,multi-; multi-post; multilevel marketing system; pyramid selling; chain referral
16804,マロリー,marorī,2,
16805,マロン,maron,2,chestnut; marron (Cherax tenuimanus and Cherax cainii species of freshwater crayfish)
16806,マングローブ,mangurōbu,2,mangrove
16807,マンドリン,mandorin,2,mandolin
16808,マージャン,mājan,2,mahjong; mah-jongg
16809,マーヴェリック,māverikku,2,
16810,ミクロネシア,mikuroneshia,2,Micronesia
16811,ミサ,misa,2,(Catholic) Mass
16812,ミシュラン,mishuran,2,
16813,ミシュランガイド,mishurangaido,2,
16814,ミズノ,mizuno,2,
16815,ミック,mikku,2,
16816,ミナミ,minami,2,
16817,ミニーブ,minību,2,
16818,ミュウ,myū,2,
16819,ミリリットル,miririttoru,2,millilitre; milliliter; mL
16820,ミルクノワール,mirukunowāru,2,
16821,ミレニアム,mireniamu,2,millennium
16822,ミント,minto,2,mint; peppermint
16823,ムジゲ,mujige,2,
16824,ムスビ,musubi,2,
16825,ムズ,muzu,2,
16826,ムダ,muda,2,futility; waste; uselessness; pointlessness; idleness
16827,ムッ,mutsu,2,
16828,ムラサキ,murasaki,2,
16829,メイドインジャパン,meidoinjapan,2,
16830,メイドインチャイナ,meidoinchaina,2,
16831,メガシンカ,megashinka,2,
16832,メガシンカポケモン,megashinkapokemon,2,
16833,メグマ,meguma,2,
16834,メス,mesu,2,"scalpel; surgical knife; female (animal, plant)"
16835,メダリスト,medarisuto,2,medalist
16836,メドレー,medorē,2,medley
16837,メモリー,memorī,2,memory; recollection; remembrance
16838,メリクリ,merikuri,2,Merry Christmas
16839,メリハリ,merihari,2,modulation (of voice); variation; variety; balance; pace
16840,メリークリスマス,merīkurisumasu,2,Merry Christmas
16841,メリークリーム,merīkurīmu,2,
16842,メルヘン,meruhen,2,fairy tale
16843,メロディー,merodī,2,melody; chime
16844,メンタル,mentaru,2,mental; mental health; mental state; mental resolve; mentality
16845,メンテ,mente,2,maintenance
16846,メンマ,menma,2,"bamboo shoots boiled, sliced, fermented, dried or preserved in salt, then soaked in hot water and sea salt"
16847,メーク,mēku,2,make-up; making food (in a delivery-only restaurant); cooking
16848,メールボックス,mērubokkusu,2,mailbox; mail box; email box
16849,モザイク,mozaiku,2,"mosaic; pixelated obscuring in images and video, usu. for censorship"
16850,モッチモチ,motchimochi,2,
16851,モッツァレラチーズ,mottsuarerachīzu,2,mozzarella cheese
16852,モナカ,monaka,2,
16853,モニカ,monika,2,
16854,モネ,mone,2,
16855,モヤモヤ,moyamoya,2,hazy; misty; foggy; murky; fuzzy
16856,モンスタ,monsuta,2,
16857,モートンベイ,mōtonbei,2,
16858,モーレツ,mōretsu,2,
16859,ヤキソバ,yakisoba,2,"yakisoba; fried noodles, usu. with vegetables and meat"
16860,ヤシ,yashi,2,palm tree (any tree of family Arecaceae)
16861,ヤフオク,yafuoku,2,
16863,ヤマハ,yamaha,2,
16864,ヤリ,yari,2,
16865,ヤワ,yawa,2,soft; fragile; weak; poorly built; insubstantial
16866,ヤンニョムセウ,yannyomuseu,2,
16867,ヤード,yādo,2,yard (unit of distance)
16868,ユニバース,yunibāsu,2,universe
16869,ユー,yū,2,you; U; u
16870,ユースホステル,yūsuhosuteru,2,youth hostel
16871,ユーモア,yūmoa,2,humor; humour
16872,ユーモラス,yūmorasu,2,humorous
16873,ヨガ,yoga,2,yoga
16874,ヨドバシカメラ,yodobashikamera,2,
16875,ヨルカフェ,yorukafe,2,
16877,ライオン,raion,2,lion (Panthera leo)
16878,ライク,raiku,2,like
16879,ライチュウ,raichū,2,
16880,ラオ,rao,2,
16881,ラケット,raketto,2,racket; paddle (in table-tennis)
16882,ラズベリー,razuberī,2,raspberry
16883,ラッピングバス,rappingubasu,2,bus wrapped in advertising; bus wrap; wrapped bus
16884,ラテン,raten,2,Latin (language); Latin-American; Latin; Latino; Roman
16885,ラトブ,ratobu,2,
16886,ラドワン,radowan,2,
16887,ラブ,rabu,2,love
16888,ラプラス,rapurasu,2,
16889,ラミレス,ramiresu,2,
16890,ラムパティ,ramupatei,2,
16891,ラングロール,rangurōru,2,
16892,ランチョン,ranchon,2,luncheon
16894,リオデジャネイロ,riodejaneiro,2,
16895,リオレイア,rioreia,2,
16896,リカー,rikā,2,liquor
16897,リカーブ,rikābu,2,
16898,リクライニング,rikurainingu,2,
16899,リス,risu,2,fracture; lithograph; squirrel (any mammal of family Sciuridae); Japanese squirrel (Sciurus lis)
16900,リトル,ritoru,2,little
16901,リハビリテーション,rihabiritēshon,2,rehabilitation
16902,リピ,ripi,2,
16903,リピーター,ripītā,2,repeater (telecommunications); repeat customer; regular customer; repeat purchaser; frequent visitor
16904,リフレッシング,rifuresshingu,2,
16905,リポート,ripōto,2,report; paper; reportage
16906,リムジン,rimujin,2,limousine (stretched car); shuttle bus (usu. to airport)
16907,リモコン,rimokon,2,remote control
16908,リャザン,ryazan,2,
16909,リラ,rira,2,lilac (Syringa vulgaris); lira (currency); lyra
16910,リラックマ,rirakkuma,2,
16911,リレハンメル,rirehanmeru,2,
16912,リンツ,rintsu,2,
16913,リーゼント,rīzento,2,Regent hairstyle; ducktail; Pompadour
16914,リーバイス,rībaisu,2,Levi's (jeans)
16915,リーフ,rīfu,2,reef; leaf
16916,ルアー,ruā,2,lure
16917,ルイ,rui,2,
16918,ルウ,rū,2,roux (mixture of butter and flour used to make sauces); sauce made from such a mixture; (Japanese) curry powder; curry sauce made from this powder
16919,ルガンスク,rugansuku,2,
16920,ルチャブル,ruchaburu,2,
16921,ルナシー,runashī,2,
16922,ルビオ,rubio,2,
16923,ルピシア,rupishia,2,
16924,ルペン,rupen,2,
16925,ルワンダ,ruwanda,2,Rwanda; Ruanda
16926,ルンダン,rundan,2,
16927,ルンバ,runba,2,rumba
16928,ルーティン,rūtein,2,routine
16929,レイアウト,reiauto,2,layout
16930,レイシズム,reishizumu,2,racism
16931,レコーダー,rekōdā,2,"recorder (e.g. tape recorder, time recorder); recording device; recorder (musical instrument); English flute"
16932,レシーブ,reshību,2,receiving (a ball)
16933,レスラー,resurā,2,wrestler (esp. pro wrestler)
16934,レックウザ,rekkūza,2,
16935,レッツ,rettsu,2,let's; let's do
16937,レディス,redisu,2,"ladies' (fashion, etc.); female bōsōzoku gang"
16938,レディット,reditto,2,Reddit
16939,レノマチ,renomachi,2,
16940,レフ,refu,2,reflex camera; reflector; lev (Bulgarian currency)
16941,レフォールソース,refōrusōsu,2,
16942,レンガ,renga,2,brick
16943,レンゲ,renge,2,lotus flower; Chinese milk vetch (Astragalus sinicus); china spoon; lotus-shaped pedestal for a gravestone
16944,レンタカー,rentakā,2,rental car; rent-a-car; hired auto; car rental agency; car hire agency
16945,レーニン,rēnin,2,Lenin
16947,ロコマイカイ,rokomaikai,2,
16948,ロッジ,rojji,2,lodge
16949,ロマンチック,romanchikku,2,romantic
16950,ロモサルタード,romosarutādo,2,
16951,ローブ,rōbu,2,robe
16952,ロールケーキ,rōrukēki,2,Swiss roll; jelly roll; roll cake
16953,ワイパー,waipā,2,windshield wipers
16954,ワイヤレス,waiyaresu,2,wireless; wireless microphone
16955,ワインデカンタ,waindekanta,2,
16956,ワシャ,washa,2,
16957,ワックス,wakkusu,2,wax (for polishing)
16958,ワンピース,wanpīsu,2,dress
16959,ワンポイント,wanpointo,2,one point; stitched ornament; small needlepoint design; relief pitcher brought in to face one batter
16963,ヴィーガン,vīgan,2,vegan
23166,アイアイジェイミオ,aiaijieimio,1,
23167,アイアム,aiamu,1,
23168,アイシャドウ,aishadou,1,eyeshadow
23169,アイスランドポピー,aisurandopopī,1,Iceland poppy (Papaver nudicaule); Icelandic poppy
23171,アイゼンハワー,aizenhawā,1,
23172,アイデンティティ,aidenteitei,1,identity
23173,アイナ,aina,1,isonicotinic acid hydrazide; INAH
23174,アイブロウエクステ,aiburouekusute,1,
23175,アイブロウパウダー,aiburoupaudā,1,
23176,アイムドーナツ,aimudōnatsu,1,
23177,アイラップ,airappu,1,
23178,アイランドホッパー,airandohoppā,1,
23179,アイル,airu,1,aisle
23180,アイルランド,airurando,1,Ireland (country); Éire; Ireland (island)
23181,アイロン,airon,1,iron (for pressing clothes); hair iron; hair tong; curling tong
23182,アイワ,aiwa,1,
23183,アインシュタイン,ainshutain,1,
23184,アウ,au,1,
23185,アウェイ,auei,1,away
23188,アウトー,autō,1,
23189,アオバセセリ,aobaseseri,1,blue-winged skipper butterfly
23190,アカバナ,akabana,1,"willowherb (Epilobium pyrricholophum); safflower red; kimono color combination (crimson outside, bluish purple inside)"
23191,アカペラ,akapera,1,a cappella; unaccompanied choir or choral work
23193,アキダイ,akidai,1,
23194,アキバグルメ,akibagurume,1,
23195,アキバスタイル,akibasutairu,1,
23196,アキル,akiru,1,
23199,アギーレ,agīre,1,
23200,アクセバッグ,akusebaggu,1,
23201,アクティビティー,akuteibiteī,1,activity
23202,アクティブ,akuteibu,1,active
23205,アグリーセーター,agurīsētā,1,
23206,アゲ,age,1,
23207,アゲイン,agein,1,"repeat of a deuce (in tennis, etc.); again"
23208,アゴ,ago,1,jaw; chin; barb (of a fishhook)
23209,アサイン,asain,1,assign
23210,アサギマダラ,asagimadara,1,chestnut tiger butterfly (Parantica sita)
23211,アザミ,azami,1,thistle (Cirsium spp.)
23212,アシスタントコーチ,ashisutantokōchi,1,
23213,アシニボイン,ashiniboin,1,
23214,アジ,aji,1,"agitation; horse mackerel (Carangidae spp., esp. the Japanese horse mackerel, Trachurus japonicus); jack mackerel; pompano; scad"
23216,アジャスト,ajasuto,1,adjustment; coordination; regulation
23217,アジュンマ,ajunma,1,
23218,アジョシ,ajoshi,1,
23219,アスベスト,asubesuto,1,asbestos
23220,アスリートクラブ,asurītokurabu,1,
23221,アスワン,asuwan,1,
23222,アズ,azu,1,
23223,アズマオウ,azumaou,1,
23224,アセット,asetto,1,asset
23225,アソコ,asoko,1,there; over there; that place; yonder; you-know-where
23226,アソートボックス,asōtobokkusu,1,
23227,アダルティ,adarutei,1,
23228,アチャモ,achamo,1,
23229,アチャール,achāru,1,achaar; achar
23230,アッ,atsu,1,ah; oh; hey!
23231,アックススロー,akkususurō,1,
23232,アッサム,assamu,1,
23233,アッシュ,asshu,1,ash
23234,アッシュアトリウム,asshuatoriumu,1,
23236,アットコスメ,attokosume,1,
23237,アッパーカット,appākatto,1,uppercut
23238,アップダウン,appudaun,1,ups and downs; up-and-down
23239,アティテュード,ateiteyūdo,1,attitude
23240,アティトラン,ateitoran,1,
23241,アテコテ,atekote,1,
23242,アテネ,atene,1,Athens (Greece)
23243,アテルイ,aterui,1,
23244,アディオス,adiosu,1,adios; goodbye
23245,アトラス,atorasu,1,Atlas; atlas
23246,アドゥヤマン,adouyaman,1,
23249,アドリブ,adoribu,1,ad lib; ad-lib
23250,アドルフ,adorufu,1,
23251,アナ,ana,1,announcer
23252,アナタ,anata,1,
23253,アナリスト,anarisuto,1,analyst
23254,アナログ,anarogu,1,analog; analogue
23255,アニ,ani,1,
23256,アニキ,aniki,1,elder brother; one's senior; older man; man older than oneself
23257,アニゼット,anizetto,1,anisette
23258,アニソンメイン,anisonmein,1,
23259,アニソンライブ,anisonraibu,1,
23261,アニメーション,animēshon,1,animation; animated film; animated cartoon
23262,アニー,anī,1,
23263,アノン,anon,1,
23264,アバターロボット,abatārobotto,1,
23265,アパホテル,apahoteru,1,
23267,アパホテルリゾート,apahoterurizōto,1,
23268,アパート,apāto,1,apartment building; apartment block; apartment house; apartment
23269,アビバ,abiba,1,
23270,アビビ,abibi,1,
23271,アビリンピック,abirinpikku,1,ability Olympics
23272,アピ,api,1,
23274,アフター,afutā,1,after
23275,アフロユーラシア,afuroyūrashia,1,
23276,アブ,abu,1,horsefly; gadfly
23277,アブドミナル,abudominaru,1,
23278,アブラボウズ,aburabouzu,1,skilfish (Erilepis zonifer); skil
23279,アベンジャーズ,abenjāzu,1,
23280,アボ,abo,1,
23281,アボカディスタン,abokadisutan,1,
23282,アボット,abotto,1,
23283,アマガエル,amagaeru,1,"tree frog (esp. the Japanese tree frog, Hyla japonica)"
23284,アマゾナス,amazonasu,1,
23286,アマフレ,amafure,1,
23287,アミューズ,amyūzu,1,amuse-bouche; amusement
23288,アムステルダム,amusuterudamu,1,Amsterdam (Netherlands)
23289,アメコミ,amekomi,1,American comics
23290,アメリカナイズ,amerikanaizu,1,Americanization; Americanisation
23292,アメリカーノサイズ,amerikānosaizu,1,
23295,アヤ,aya,1,
23296,アラ,ara,1,saw-edged perch (Niphon spinosus); remaining bony parts (of a fish after filleting); flaw (esp. of a person); fault; defect
23297,アライグマ,araiguma,1,common raccoon (Procyon lotor)
23298,アラレ,arare,1,
23299,アリゾナ,arizona,1,Arizona
23300,アリバイ,aribai,1,alibi
23301,アル,aru,1,two; be; is
23303,アルアラビーヤ,aruarabīya,1,
23304,アルギニン,aruginin,1,arginine
23305,アルクジラ,arukujira,1,
23306,アルコ,aruko,1,
23307,アルコールサブスク,arukōrusabusuku,1,
23308,アルジェリア,arujieria,1,Algeria
23309,アルジャジーラ,arujajīra,1,
23310,アルスコーレ,arusukōre,1,
23311,アルセウス,aruseusu,1,
23312,アルタ,aruta,1,
23313,アルバイ,arubai,1,
23314,アルパイン,arupain,1,alpine
23318,アルビー,arubī,1,
23321,アルプス,arupusu,1,alps
23322,アルマ,aruma,1,
23323,アルマニチャーハン,arumanichāhan,1,
23324,アレキサン,arekisan,1,
23327,アレクサンドロフ,arekusandorofu,1,
23329,アレコレ,arekore,1,this and that; this or that; one thing or another; this way and that; around
23330,アレッポ,areppo,1,
23331,アレフ,arefu,1,aleph (first letter of Hebrew alphabet); Aleph (new name of religious group Aum Shinrikyo)
23333,アロナ,arona,1,
23334,アロマ,aroma,1,aroma; class; style; elegance; aromatherapy
23335,アロマバスソルト,aromabasusoruto,1,
23336,アワブキ,awabuki,1,Meliosma myriantha
23337,アンインストール,an'insutōru,1,uninstallation
23339,アンギン,angin,1,
23340,アンクルージュ,ankurūju,1,
23341,アングル,anguru,1,angle
23342,アンタルチカ,antaruchika,1,
23343,アンダ,anda,1,
23344,アントニー,antonī,1,
23345,アントラーズ,antorāzu,1,
23346,アントレプレナー,antorepurenā,1,entrepreneur
23347,アントワープ,antowāpu,1,
23348,アンドラ,andora,1,Andorra
23350,アンニョンハセヨ,annyonhaseyo,1,hello; hi
23351,アンノーン,annōn,1,unknown
23352,アンバターパン,anbatāpan,1,
23354,アンビリーバブル,anbirībaburu,1,unbelievable
23355,アンプ,anpu,1,amp; ampere; amplifier
23356,アンモニア,anmonia,1,ammonia
23358,アー,ā,1,ah!; oh!; alas!; yes; indeed
23359,アーカックス,ākakkusu,1,
23361,アーサー,āsā,1,
23362,アース,āsu,1,(electrical) earth; ground; earthing; grounding; Earth
23363,アースラ,āsura,1,
23364,アーツクラフツ,ātsukurafutsu,1,
23365,アーティスティック,āteisuteikku,1,artistic
23367,アーバン,āban,1,urban
23369,アービンズ,ābinzu,1,
23370,アーミーナイフ,āmīnaifu,1,multipurpose knife; Swiss Army knife
23371,アームレスト,āmuresuto,1,armrest
23372,アーヤ,āya,1,
23373,アーユルタイム,āyurutaimu,1,
23375,アールデコ,ārudeko,1,art deco
23383,イイッ,ītsu,1,
23384,イエティ,ietei,1,yeti; abominable snowman
23385,イエメン,iemen,1,Yemen
23386,イエローカード,ierōkādo,1,yellow card
23387,イオタ,iota,1,iota
23388,イカダ,ikada,1,raft; forearm protector; skewered baby-eel kabayaki
23389,イカナゴ,ikanago,1,Japanese sand lance (Ammodytes personatus); Pacific sandeel
23390,イカリ,ikari,1,
23391,イキ,iki,1,living; being alive; freshness; liveliness; vitality
23392,イキナリ,ikinari,1,
23393,イグアス,iguasu,1,
23394,イケダハヤト,ikedahayato,1,
23395,イコカ,ikoka,1,
23396,イコノイジョイ,ikonoijoi,1,
23397,イコノロジー,ikonorojī,1,iconology
23398,イコライザ,ikoraiza,1,equalizer; equaliser
23399,イコラブ,ikorabu,1,
23400,イサク,isaku,1,
23402,イシイ,ishī,1,
23403,イシマエル,ishimaeru,1,
23404,イシモチ,ishimochi,1,silver white croaker (Pennahia argentata); silver croaker; white croaker; Nibe croaker (Nibea mitsukurii); vertical-striped cardinalfish (Apogon lineatus)
23405,イジワル,ijiwaru,1,
23406,イズム,izumu,1,ism; -ism
23407,イソップ,isoppu,1,
23408,イタズラ,itazura,1,mischief; prank; trick; practical joke; pastime
23409,イタヤカエデ,itayakaede,1,painted maple (Acer mono)
23410,イチコレ,ichikore,1,
23411,イチャ,icha,1,
23412,イチョウ,ichou,1,ginkgo (Ginkgo biloba); gingko; maidenhair tree
23414,イトー,itō,1,
23415,イトーヨーカドー,itōyōkadō,1,
23416,イド,ido,1,id
23417,イネナウト,inenauto,1,
23418,イノッチ,inotchi,1,
23419,イノベート,inobēto,1,
23420,イフ,ifu,1,(an) if (e.g. in history)
23421,イブ,ibu,1,eve (esp. Christmas Eve); the night before
23422,イブプロフェン,ibupurofen,1,ibuprofen
23423,イプニ,ipuni,1,
23424,イメ,ime,1,
23425,イメージアップ,imējiappu,1,improving (something's) image
23427,イヤホンジャック,iyahonjakku,1,
23428,イヨカン,iyokan,1,"iyokan (species of citrus fruit, Citrus iyo)"
23429,イラ,ira,1,
23430,イラコアナゴ,irakoanago,1,
23432,イリュージョン,iryūjon,1,illusion
23433,イルカウォッチング,irukauotchingu,1,
23434,イルクン,irukun,1,
23435,イルドフランス,irudofuransu,1,
23436,イルネーヴェ,irunēve,1,
23437,イルミ,irumi,1,illumination
23438,イレギュラー,iregyurā,1,irregular
23439,イロハ,iroha,1,traditional ordering of the Japanese syllabary; fundamentals; the ABCs of ...
23440,イワシ,iwashi,1,"pilchard (esp. Japanese pilchard, Sardinops melanostictus); sardine"
23441,イワテグリーンパス,iwategurīnpasu,1,
23442,インカ,inka,1,
23443,インクカードリッジ,inkukādorijji,1,
23444,イングリッシュ,ingurisshu,1,English (language); English
23445,インゲン,ingen,1,common bean; green bean
23446,インジェ,injie,1,
23447,インスタアカウント,insutākaunto,1,
23448,インスタレーション,insutarēshon,1,installation
23450,インスパイア,insupaia,1,to inspire; inspiration
23451,インスピレーション,insupirēshon,1,inspiration
23452,インソブ,insobu,1,
23455,インターチェンジ,intāchenji,1,interchange; service interchange
23456,インターネ,intāne,1,
23457,インターフェース,intāfēsu,1,interface
23458,インターン,intān,1,intern
23459,インディアン,indian,1,(American) Indian; Native American; Indian
23460,インディアンス,indiansu,1,
23461,インデペンデント,independento,1,
23462,インドミー,indomī,1,
23463,インバウンド,inbaundo,1,inbound; inbound tourism
23464,インフ,infu,1,
23465,インフル,infuru,1,influenza; flu
23466,インプット,inputto,1,input
23469,イヴェティ,ivetei,1,
23471,イーグル,īguru,1,"eagle (bird of prey, Accipitridae family)"
23472,イージス,ījisu,1,aegis (mythical shield); Aegis (system); Aegis (missile guidance system)
23473,イージートゥユース,ījītouyūsu,1,
23474,イース,īsu,1,
23475,イースシリーズ,īsushirīzu,1,
23476,イースター,īsutā,1,Easter
23477,イースト,īsuto,1,east; yeast
23479,イーゼル,īzeru,1,easel
23482,イーハトーブ,īhatōbu,1,
23485,イーハトーヴォ,īhatōvo,1,
23486,イーブイ,ībui,1,electric vehicle; EV; elevator; enterprise value; embedded value
23492,ウィキペディア,uikipedia,1,Wikipedia (free online encyclopedia)
23494,ウィッグブランド,uigguburando,1,
23495,ウィッシュリスト,uisshurisuto,1,wish list; wishlist
23496,ウィナーズ,uināzu,1,
23498,ウィルス,uirusu,1,virus
23499,ウィンターイベント,uintāibento,1,
23500,ウィンターパック,uintāpakku,1,
23501,ウィンドー,uindō,1,window; window (shop display)
23502,ウィンピース,uinpīsu,1,
23503,ウィンブルドン,uinburudon,1,Wimbledon (tennis tournament)
23504,ウィート,uīto,1,
23505,ウイ,ui,1,yes
23506,ウイラブダンロップ,uirabudanroppu,1,
23507,ウインドウズ,uindouzu,1,Windows (Microsoft operating system)
23508,ウイーク,uīku,1,week; weak
23509,ウェイド,ueido,1,
23510,ウェイパァー,ueipāa,1,
23511,ウェストチェスター,uesutochesutā,1,
23512,ウェット,uetto,1,wet; moist; soft-hearted; tender-hearted; sentimental
23514,ウェブ,uebu,1,web; World Wide Web; WWW; Web
23515,ウェブシンポジウム,uebushinpojiumu,1,
23516,ウェブライター,ueburaitā,1,
23517,ウェルカムバー,uerukamubā,1,
23518,ウェルカムポケモン,uerukamupokemon,1,
23519,ウェルシュ,uerushu,1,
23520,ウェルネス,uerunesu,1,wellness
23521,ウェンディーズ,uendīzu,1,
23522,ウェーダー,uēdā,1,
23523,ウェールズ,uēruzu,1,Wales
23525,ウエイトレス,ueitoresu,1,waitress
23526,ウエスタン,uesutan,1,Western
23527,ウエディングドレス,uedingudoresu,1,wedding dress
23529,ウエルネスプラザ,uerunesupuraza,1,
23531,ウォッカ,uokka,1,vodka
23532,ウォッチ,uotchi,1,watch (timepiece); watch (turn to watch or guard something); watching; watch cap
23533,ウォッチャー,uotchā,1,(industry) watcher; analyst
23535,ウォーカー,uōkā,1,walker
23536,ウォーク,uōku,1,walk
23537,ウォークマイレージ,uōkumairēji,1,
23539,ウォーマー,uōmā,1,warmer
23540,ウォーム,uōmu,1,worm; warm
23541,ウオッゼ,uotsuze,1,
23542,ウオー,uō,1,war
23544,ウキウキ,ukiuki,1,cheerfully; buoyantly; happily; in high spirits
23545,ウク,uku,1,
23546,ウシジマ,ushijima,1,
23547,ウスターソース,usutāsōsu,1,Worcester sauce; Worcestershire sauce
23548,ウチココセット,uchikokosetto,1,
23549,ウッディ,uddei,1,
23550,ウデ,ude,1,
23551,ウド,udo,1,"udo (plant related to ginseng, used in medicine and cooking) (Aralia cordata)"
23552,ウドンタニー,udontanī,1,
23553,ウナギ,unagi,1,"eel (esp. the Japanese eel, Anguilla japonica)"
23554,ウパー,upā,1,
23555,ウブド,ubudo,1,
23556,ウベニチ,ubenichi,1,
23558,ウメエ,umē,1,
23561,ウリフェス,urifesu,1,
23562,ウルグアイ,uruguai,1,Uruguay
23565,ウルフ,urufu,1,wolf
23566,ウンチ,unchi,1,poo; poop; doo-doo; caca; whoopsie
23567,ウンチク,unchiku,1,great erudition; extensive knowledge; vast stock of knowledge
23568,ウンチル,unchiru,1,
23571,ウー,ū,1,five
23578,エアクローゼット,eakurōzetto,1,
23579,エアダス,eadasu,1,
23580,エアバス,eabasu,1,airbus (short-haul passenger aircraft)
23581,エアポケット,eapoketto,1,air pocket
23583,エアロ,earo,1,aerobics
23584,エアロビクス,earobikusu,1,aerobics
23586,エアー,eā,1,air
23587,エアーズ,eāzu,1,
23588,エイト,eito,1,eight
23589,エイム,eimu,1,"aim (of a weapon, esp. in video games); aiming"
23590,エキサイト,ekisaito,1,excite
23591,エキストラ,ekisutora,1,extra (e.g. in a film); supernumerary; extra; surplus; excess
23593,エクストリーム,ekusutorīmu,1,extreme
23594,エクセルシオール,ekuserushiōru,1,
23596,エグ,egu,1,
23597,エグゾプライマル,eguzopuraimaru,1,
23598,エコレンジャー,ekorenjā,1,
23599,エゴ,ego,1,ego; egoism; egoist
23600,エゴサ,egosa,1,egosearching; egosurfing; self-googling
23602,エスアラード,esuarādo,1,
23603,エスカルゴ,esukarugo,1,"(edible) snail (esp. Roman snail, Helix pomatia)"
23604,エスカレーション,esukarēshon,1,escalation
23605,エスクデロ,esukudero,1,
23606,エスケイサービス,esukeisābisu,1,
23607,エスケープ,esukēpu,1,escape
23608,エスパータイプ,esupātaipu,1,
23609,エスピリトサント,esupiritosanto,1,
23610,エスペシアル,esupeshiaru,1,
23612,エスポラーダ,esuporāda,1,
23614,エゾ,ezo,1,
23615,エゾエンゴサク,ezoengosaku,1,
23616,エゾタンポポ,ezotanpopo,1,
23617,エゾバフンウニ,ezobafun'uni,1,
23618,エッグスチーマー,eggusuchīmā,1,
23620,エッセンス,essensu,1,essence; extract
23621,エデン,eden,1,Eden
23622,エトワール,etowāru,1,star
23623,エドヒガン,edohigan,1,double weeping rosebud cherry (Prunus pendula)
23624,エドモントン,edomonton,1,
23625,エドワード,edowādo,1,
23626,エナ,ena,1,
23627,エナエナ,enaena,1,
23628,エナガ,enaga,1,long-tailed tit (Aegithalos caudatus); long-tailed bushtit
23629,エナジードリンカー,enajīdorinkā,1,
23630,エナドリゴールド,enadorigōrudo,1,
23631,エナフレ,enafure,1,
23632,エナメル,enameru,1,enamel
23633,エネ,ene,1,energy
23634,エバーレディ,ebāredi,1,
23635,エビクリームパスタ,ebikurīmupasuta,1,
23636,エビバーガー,ebibāgā,1,
23637,エピックレイド,epikkureido,1,
23638,エフェクト,efekuto,1,effect
23640,エプロン,epuron,1,apron; apron (airport); apron (stage)
23642,エポレット,eporetto,1,epaulette; epaulet
23643,エマニュエル,emanyueru,1,
23644,エミリオ,emirio,1,
23645,エミールガレ,emīrugare,1,
23647,エライ,erai,1,
23648,エラー,erā,1,error
23649,エリスリトール,erisuritōru,1,erythritol (artificial sweetener)
23651,エリート,erīto,1,elite
23652,エルダグセン,erudagusen,1,
23653,エルデンリング,erudenringu,1,
23654,エルドリッヂ,erudorijji,1,
23658,エレクトーン,erekutōn,1,Electone; electronic organ
23659,エンジェルス,enjierusu,1,
23660,エンジニア,enjinia,1,engineer
23661,エンターテイメント,entāteimento,1,entertainment
23663,エンディング,endingu,1,ending
23664,エンロン,enron,1,
23665,エヴァ,eva,1,
23666,エヴァグルメフェア,evagurumefea,1,
23667,エヴリン,evurin,1,
23668,エージェント,ējiento,1,agent
23669,エーデルワイン,ēderuwain,1,
23676,オイスター,oisutā,1,oyster
23677,オイリー,oirī,1,oily; greasy
23679,オエッ,oetsu,1,
23680,オオカミ,ōkami,1,wolf (Canis lupus); wolf in sheep's clothing; womanizer
23681,オオキンケイギク,ōkinkeigiku,1,tickseed (Coreopsis lanceolata); tickweed; sand coreopsis; lanceleaf tickseed
23682,オオサンショウウオ,ōsanshoūo,1,Japanese giant salamander (Andrias japonicus)
23684,オオハンゴソウ,ōhangosou,1,
23685,オオワシ,ōwashi,1,Steller's sea eagle (Haliaeetus pelagicus)
23686,オカズ,okazu,1,small dish (usu. one of several accompanying rice); side dish; fill; fill-in (drumming); jack-off material
23687,オカダ,okada,1,
23688,オカノリ,okanori,1,
23689,オカルト,okaruto,1,occult
23690,オカール,okāru,1,
23691,オギャア,ogyā,1,
23692,オクル,okuru,1,
23693,オケクラフト,okekurafuto,1,
23694,オシドリ,oshidori,1,mandarin duck (Aix galericulata)
23695,オシャカフェ,oshakafe,1,
23696,オシャクソイケメン,oshakusoikemen,1,
23697,オシャレカフェ,osharekafe,1,
23699,オススメメニュー,osusumemenyū,1,
23700,オタク,otaku,1,otaku; geek; nerd; enthusiast
23701,オタスケマン,otasukeman,1,
23702,オチ,ochi,1,slip; omission; outcome; final result; the end
23703,オッケー,okkē,1,OK; okay
23704,オットギ,ottogi,1,
23706,オト,oto,1,
23707,オトシドリ,otoshidori,1,
23708,オノマトペ,onomatope,1,onomatopoeia
23709,オパール,opāru,1,opal
23710,オヒルギ,ohirugi,1,black mangrove (Bruguiera gymnorrhiza)
23711,オピニオン,opinion,1,opinion
23712,オフィシャル,ofisharu,1,official
23713,オフィシャルオセロ,ofisharuosero,1,
23715,オフシーズン,ofushīzun,1,off-season
23716,オブラート,oburāto,1,"paper-thin wafer (for wrapping powdered medicine, candies, etc.)"
23717,オペラ,opera,1,opera
23718,オマール,omāru,1,lobster
23719,オムクロタイヤ,omukurotaiya,1,
23720,オムツ,omutsu,1,diaper; nappy; napkin
23721,オムナイト,omunaito,1,
23722,オムニバス,omunibasu,1,omnibus
23723,オムビーフシチュー,omubīfushichū,1,
23724,オモシロ,omoshiro,1,
23725,オモシロイ,omoshiroi,1,
23726,オヤケアカハチ,oyakeakahachi,1,
23727,オヤツ,oyatsu,1,
23728,オヤマ,oyama,1,
23729,オヤマボクチ,oyamabokuchi,1,
23730,オラ,ora,1,
23732,オラオラ,oraora,1,pushy; overbearing; self-assured; aggressive
23733,オラクルカード,orakurukādo,1,
23734,オラッ,oratsu,1,
23736,オリガミリウム,origamiriumu,1,
23741,オリニフェスタ,orinifesuta,1,
23742,オリヒカ,orihika,1,
23744,オリーブビネガー,orībubinegā,1,
23745,オレボステーション,orebosutēshon,1,
23746,オレンジページ,orenjipēji,1,
23748,オロチョンラーメン,orochonrāmen,1,
23749,オロナミン,oronamin,1,
23750,オロロンルート,ororonrūto,1,
23751,オワコン,owakon,1,"product past its prime; TV show, video game, etc. that has jumped the shark"
23752,オンコ,onko,1,
23753,オンシ,onshi,1,
23754,オンチ,onchi,1,
23755,オンディーヌ,ondīnu,1,
23756,オンドル,ondoru,1,traditional Korean underfloor heating
23757,オンパレード,onparēdo,1,display; array (of things); succession (of things)
23759,オンワード,onwādo,1,onward
23761,オーク,ōku,1,oak; orc (fictional race common in fantasy literature); ork
23762,オーシャン,ōshan,1,ocean
23763,オータム,ōtamu,1,autumn
23764,オーツミルク,ōtsumiruku,1,
23765,オーディン,ōdin,1,Odin (god in Norse mythology); ODIN
23766,オートバックス,ōtobakkusu,1,autobacks
23768,オープ,ōpu,1,
23769,オープンデイ,ōpundei,1,
23770,オーベルジュ,ōberuju,1,auberge (French-style inn and restaurant)
23771,オーベルジーヌ,ōberujīnu,1,
23772,オーライネット,ōrainetto,1,
23773,オールインワン,ōruinwan,1,all-in-one
23774,オールウェイズ,ōrūeizu,1,
23775,オールスターズ,ōrusutāzu,1,
23776,オールディーズ,ōrudīzu,1,oldies
23777,オールド,ōrudo,1,old
23778,オールマイティー,ōrumaiteī,1,almighty; highest valued card (e.g. ace of spades); wild card
23779,オーロラ,ōrora,1,aurora
23780,カウンセラー,kaunserā,1,counselor; counsellor
23781,カウント,kaunto,1,count; counting; count of balls and strikes; count (after a knock-down in boxing); count (of radioactivity)
23782,カウントダウン,kauntodaun,1,countdown
23784,カエル,kaeru,1,frog; kajika frog (Buergeria buergeri)
23785,カキノタネ,kakinotane,1,
23786,カクリ,kakuri,1,
23787,カゲ,kage,1,
23788,カサカサ,kasakasa,1,dry and rough; desiccated; rustling
23789,カザフ,kazafu,1,Kazakhstan; Kazakh people
23790,カシミール,kashimīru,1,Kashmir
23791,カジ,kaji,1,paper mulberry (Broussonetia papyrifera)
23792,カジキ,kajiki,1,marlin; swordfish; spearfish; sailfish
23793,カジノ,kajino,1,casino
23794,カステヘルミ,kasuteherumi,1,
23795,カステヘルミボウル,kasuteherumibouru,1,
23796,カスト,kasuto,1,caste
23797,カスミ,kasumi,1,
23798,カズキ,kazuki,1,
23799,カセット,kasetto,1,cassette (tape); game cartridge
23800,カタコト,katakoto,1,prattle; broken language; halting language; baby talk; imperfect speech
23801,カターレ,katāre,1,
23802,カチカチ,kachikachi,1,ticktock; chinking (e.g. of a hammer against rock); knocking; clicking; clacking
23803,カチャトーラ,kachatōra,1,
23804,カッ,katsu,1,
23805,カッセル,kasseru,1,
23807,カッパ,kappa,1,kappa; mythical water-dwelling creature; excellent swimmer; cucumber; cucumber sushi wrapped in nori (seaweed)
23808,カッパポンチョ,kappaponcho,1,
23809,カップウォーマー,kappūōmā,1,
23810,カップミニマラソン,kappuminimarason,1,
23811,カップラーメン,kappurāmen,1,cup noodles; cup ramen
23812,カツアゲ,katsuage,1,extortion; shakedown
23813,カツエ,katsue,1,
23814,カツラ,katsura,1,katsura (Cercidiphyllum japonicum); Japanese Judas tree; wig; hairpiece; toupee
23815,カツレツ,katsuretsu,1,cutlet (usu. crumbed and fried)
23816,カテゴリ,kategori,1,category
23817,カテリーナ,katerīna,1,
23818,カトゥリタリョン,katouritaryon,1,
23819,カトウハコベ,katouhakobe,1,
23820,カドヤ,kadoya,1,
23821,カナヅチ,kanazuchi,1,hammer; hopeless swimmer; complete beginner at swimming; someone who sinks like a stone
23822,カナモト,kanamoto,1,
23823,カニバーガー,kanibāgā,1,
23824,カヌレ,kanure,1,canelé
23825,カビゴン,kabigon,1,
23826,カフェオレ,kafeore,1,café au lait
23828,カフェテラス,kafeterasu,1,sidewalk café; footpath café
23829,カフェラテ,kaferate,1,cafe latte; latte
23830,カブ,kabu,1,cub; turnip (Brassica rapa); nine (in mekuri karuta); oicho-kabu (traditional Japanese gambling card game)
23831,カブキ,kabuki,1,
23832,カブサ,kabusa,1,
23833,カブト,kabuto,1,
23834,カプ,kapu,1,"shipping; pairing of characters in a romantic relationship (in fan fiction, manga, etc.)"
23836,カプセルトイキット,kapuserutoikitto,1,
23837,カプチーノ,kapuchīno,1,cappuccino
23838,カプリチョーザ,kapurichōza,1,capricciosa
23841,カホフカ,kahofuka,1,
23842,カマ,kama,1,
23843,カマタマーレ,kamatamāre,1,
23844,カマボコ,kamaboko,1,"kamaboko; steamed seasoned fish paste, usu. in a semicylindrical shape on a strip of wood and sliced to go in soup, etc."
23845,カミサマ,kamisama,1,
23846,カミショク,kamishoku,1,
23847,カミフェス,kamifesu,1,
23848,カミングアウト,kaminguauto,1,"coming out (of the closet, etc.)"
23849,カムサハムニダ,kamusahamunida,1,
23850,カメックス,kamekkusu,1,
23851,カメラマン,kameraman,1,photographer; cameraman; camera operator; cinematographer
23852,カモ,kamo,1,duck; easy mark; sucker; sitting duck
23853,カモメ,kamome,1,common gull (Larus canus); mew gull; gull (Laridae spp.); seagull
23854,カモンカモン,kamonkamon,1,
23855,カモンベイビー,kamonbeibī,1,
23856,カヤグムチーム,kayagumuchīmu,1,
23857,カヤック,kayakku,1,kayak
23859,カラオケボックス,karaokebokkusu,1,karaoke box; club with individual rooms that can be rented with karaoke machines
23860,カラグレ,karagure,1,
23861,カラダ,karada,1,
23862,カラッ,karatsu,1,
23864,カラフトマス,karafutomasu,1,pink salmon (Oncorhynchus gorbuscha); humpback salmon
23865,カラリ,karari,1,
23867,カリオペ,kariope,1,
23868,カリカリポテト,karikaripoteto,1,
23869,カリキュラム,karikyuramu,1,curriculum
23870,カリスマバーガー,karisumabāgā,1,
23871,カリッカリ,karikkari,1,
23873,カリホク,karihoku,1,
23874,カルダモン,karudamon,1,cardamom; cardamon
23875,カルテット,karutetto,1,quartet
23876,カルテル,karuteru,1,cartel
23877,カルディオリジナル,karudiorijinaru,1,
23878,カルト,karuto,1,cult
23879,カルフォニア,karufonia,1,
23880,カレ,kare,1,
23881,カレイ,karei,1,righteye flounder (any fish of family Pleuronectidae)
23883,カレーガチャ,karēgacha,1,
23884,カワイ,kawai,1,
23885,カワハラ,kawahara,1,
23886,カヲル,kaworu,1,
23887,カンタン,kantan,1,
23888,カンテ,kante,1,ridge (in mountain-climbing); edge of a rock face; take-off point (ski-jump); edge of a ski
23889,カントリークラブ,kantorīkurabu,1,country club
23890,カンニング,kanningu,1,cheating (on an examination); cribbing
23892,カンパイバーレル,kanpaibāreru,1,
23893,カンパニー,kanpanī,1,company (i.e. business); company (i.e. group of friends)
23894,カンパーニュ,kanpānyu,1,
23895,カンペチャーノ,kanpechāno,1,
23897,カーゴ,kāgo,1,cargo
23898,カートリッジ,kātorijji,1,cartridge
23899,カーニバル,kānibaru,1,carnival
23902,カーボン,kābon,1,carbon
23903,カーリンコン,kārinkon,1,
23904,カールヴァーン,kāruvān,1,
23905,カーロニーノ,kāronīno,1,
23906,ガシガシ,gashigashi,1,boisterously; roughly; briskly
23907,ガスコンロ,gasukonro,1,gas stove; gas cooker; gas range
23908,ガスパチョ,gasupacho,1,gazpacho
23909,ガゼン,gazen,1,
23910,ガタガタ,gatagata,1,rattling; clattering; trembling; shivering; quaking
23911,ガチクオリティ,gachikuoritei,1,
23912,ガチムチマッチョ,gachimuchimatcho,1,
23913,ガチョウ,gachou,1,goose
23914,ガックシ,gakkushi,1,
23915,ガッタンゴー,gattangō,1,
23916,ガトーオペラ,gatōopera,1,
23917,ガパオソース,gapaosōsu,1,
23918,ガブッ,gabutsu,1,
23919,ガブリエル,gaburieru,1,
23921,ガモ,gamo,1,
23922,ガラクタ,garakuta,1,junk; rubbish; trash; garbage; odds and ends
23923,ガラケー,garakē,1,(Japanese) feature phone; traditional Japanese-style cell phone (in contrast to smart phones)
23925,ガラナ,garana,1,guarana (tree); Paullinia cupana; guarana (seed extract as an ingredient used in stamina drinks and foods for restorative and stimulant effect)
23927,ガラン,garan,1,
23928,ガリガリガリクソン,garigarigarikuson,1,
23929,ガリッサ,garissa,1,
23930,ガリバタガニ,garibatagani,1,
23931,ガリバーバーグ,garibābāgu,1,
23932,ガリラヤ,gariraya,1,
23934,ガレ,gare,1,
23935,ガレキ,gareki,1,small scale production model kit (e.g. for figurines)
23936,ガレソ,gareso,1,
23937,ガレッジセール,garejjisēru,1,
23938,ガンバ,ganba,1,
23939,ガーシー,gāshī,1,
23940,ガーター,gātā,1,garter
23941,ガーツ,gātsu,1,
23942,ガーディアン,gādian,1,guardian
23944,ガーデナー,gādenā,1,gardener
23946,ガーランド,gārando,1,
23948,ガール,gāru,1,girl
23949,ガールスカウト,gārusukauto,1,Girl Scouts
23950,ガールズ,gāruzu,1,girls; women
23951,ガールズフェスタ,gāruzufesuta,1,
23952,キウイ,kiui,1,kiwi (Apteryx spp.); kiwi fruit (Actinidia deliciosa)
23953,キキ,kiki,1,
23954,キキクル,kikikuru,1,
23955,キシコ,kishiko,1,
23956,キズ,kizu,1,wound; injury; cut; gash; bruise
23957,キタカラアトリウム,kitakarātoriumu,1,
23959,キタンクラブ,kitankurabu,1,
23961,キックオフ,kikkuofu,1,kickoff
23962,キッコーマン,kikkōman,1,
23963,キッズクラス,kizzukurasu,1,
23964,キッズコーナー,kizzukōnā,1,
23965,キッズデザイン,kizzudezain,1,
23966,キッズメニュー,kizzumenyū,1,
23967,キッチンクー,kitchinkū,1,
23968,キッド,kiddo,1,kid
23969,キッドナッパーズ,kiddonappāzu,1,
23970,キッパリ,kippari,1,clearly; plainly; distinctly; decisively; flatly
23971,キッピス,kippisu,1,
23972,キテ,kite,1,
23973,キヌサヤ,kinusaya,1,
23974,キビキビ,kibikibi,1,
23975,キビシー,kibishī,1,
23976,キブツ,kibutsu,1,kibbutz
23977,キベラスラム,kiberasuramu,1,
23978,キマ,kima,1,
23979,キマッ,kimatsu,1,
23981,キムタク,kimutaku,1,
23982,キムパプ,kimupapu,1,gimbap; kimbap; Korean-style makizushi
23988,キメツ,kimetsu,1,
23989,キモイポジション,kimoipojishon,1,
23990,キャ,kya,1,
23991,キャスター,kyasutā,1,caster; newscaster; news anchor; anchorman; anchorwoman
23992,キャッシュ,kyasshu,1,cache; cash
23993,キャッシュカード,kyasshukādo,1,cash card; ATM card
23994,キャッシング,kyasshingu,1,caching; small-loan lending to individuals; cashing (e.g. a check)
23995,キャッセン,kyassen,1,
23996,キャッチフレーズ,kyatchifurēzu,1,catchphrase
23999,キャノピー,kyanopī,1,canopy
24000,キャパ,kyapa,1,capacity
24001,キャパシティ,kyapashitei,1,capacity
24003,キャムウィル,kyamūiru,1,
24004,キャメロン,kyameron,1,
24005,キャラクラー,kyarakurā,1,
24006,キャラグリ,kyaraguri,1,
24007,キャラデザ,kyaradeza,1,character design
24010,キャリーバッグ,kyarībaggu,1,small case with wheels; large bag with handles; carry bag
24011,キャロットケーキ,kyarottokēki,1,
24012,キャロル,kyaroru,1,carol
24013,キャンバス,kyanbasu,1,canvas; base
24014,キャンピング,kyanpingu,1,camping
24015,キャンピングーカー,kyanpingūkā,1,
24016,キャンプイン,kyanpuin,1,beginning training camp
24017,キャンプサイト,kyanpusaito,1,camp site
24018,キャンベル,kyanberu,1,
24019,キャンペ,kyanpe,1,
24020,キュア,kyua,1,cure
24021,キュウ,kyū,1,
24022,キュウリ,kyūri,1,cucumber (Cucumis sativus)
24023,キュキュット,kyukyutto,1,
24024,キュッキュ,kyukkyu,1,
24025,キュンク,kyunku,1,
24026,キューバ,kyūba,1,Cuba
24027,キューブ,kyūbu,1,cube
24030,キラワレ,kiraware,1,
24032,キリマンボゴ,kirimanbogo,1,
24033,キリル,kiriru,1,Cyrillic
24034,キルティング,kiruteingu,1,quilting
24036,キルト,kiruto,1,quilt; kilt
24037,キルミーベイベー,kirumībeibē,1,
24038,キロカロリー,kirokarorī,1,kilocalorie
24039,キロク,kiroku,1,
24040,キングダムハーツ,kingudamuhātsu,1,
24041,キンコ,kinko,1,
24042,キンタージョイ,kintājoi,1,
24043,キンドゥン,kindoun,1,
24044,キンピラ,kinpira,1,
24045,キンポウゲ,kinpouge,1,buttercup (Ranunculus japonicus)
24046,キーウキエフ,kīukiefu,1,
24047,キーズカフェ,kīzukafe,1,
24048,キーパー,kīpā,1,goalkeeper; keeper; goalie
24049,キーン,kīn,1,
24051,ギクシャク,gikushaku,1,"awkward (movements, speech, etc.); jerky; stiff; stilted; strained (relations)"
24052,ギッッリギリ,gitsurrigiri,1,
24053,ギツイ,gitsui,1,
24054,ギトギト,gitogito,1,oily; greasy; sticky
24055,ギフトカード,gifutokādo,1,gift card; gift certificate
24056,ギフトキヨスク,gifutokiyosuku,1,
24057,ギブアップ,gibuappu,1,give up
24058,ギボン,gibon,1,gibbon
24059,ギミック,gimikku,1,gimmick
24061,ギャラガー,gyaragā,1,
24062,ギャラリーシーズ,gyararīshīzu,1,
24064,ギャルソン,gyaruson,1,(male) waiter; bellboy
24065,ギヤ,giya,1,gear
24066,ギヤマン,giyaman,1,glass; glassware; diamond
24067,ギュ,gyu,1,
24068,ギラギラ,giragira,1,glaringly; dazzlingly; blazingly
24069,ギラッギラ,giraggira,1,
24070,ギリッギリ,giriggiri,1,
24071,ギルトフリーデイズ,girutofurīdeizu,1,
24072,ギロチン,girochin,1,guillotine
24073,クインテッサ,kuintessa,1,
24074,クエスト,kuesuto,1,quest; pursuit; search
24075,クエゼリン,kuezerin,1,
24076,クエタマ,kuetama,1,
24077,クオカード,kuokādo,1,
24078,クオリ,kuori,1,
24081,クギ,kugi,1,nail; spike; tack; rivet; brad
24082,クシャミ,kushami,1,sneeze; spoken twice in response to someone sneezing as a charm against an early death
24083,クジ,kuji,1,lottery; lot; raffle; draw
24084,クスッ,kusutsu,1,
24085,クスノキ,kusunoki,1,camphor tree (Cinnamomum camphora); camphorwood; camphor laurel
24086,クタ,kuta,1,
24087,クタクタ,kutakuta,1,exhausted; tired; withered; worn out; boiling until shapeless or mushy
24088,クチ,kuchi,1,
24089,クック,kukku,1,cook
24090,クトネベツ,kutonebetsu,1,
24092,クニット,kunitto,1,
24093,クニャーネ,kunyāne,1,
24094,クビ,kubi,1,neck; head; dismissal; discharge; firing (from a job)
24095,クボタ,kubota,1,
24096,クボタスピアーズ,kubotasupiāzu,1,
24097,クミンスパイス,kuminsupaisu,1,
24098,クラウドフィット,kuraudofitto,1,
24099,クラウン,kuraun,1,crown; clown
24100,クラゲ,kurage,1,jellyfish; medusa
24101,クラスメイト,kurasumeito,1,classmate
24102,クラスメート,kurasumēto,1,classmate
24104,クラッシック,kurasshikku,1,classical music; classic; classical; classic (work); the classics
24105,クラッシュ,kurasshu,1,crash; kurash (wrestling)
24106,クラッチ,kuratchi,1,clutch
24108,クラランス,kuraransu,1,
24109,クラレ,kurare,1,curare
24110,クランチ,kuranchi,1,crunch
24111,クランブル,kuranburu,1,
24112,クラーケン,kurāken,1,kraken
24114,クリアラテ,kuriarate,1,
24115,クリアランスセール,kuriaransusēru,1,clearance sale
24116,クリエイター,kurieitā,1,creator; inventor; developer
24117,クリエーター,kuriētā,1,creator; inventor; developer
24118,クリシュナムルティ,kurishunamurutei,1,
24119,クリス,kurisu,1,
24120,クリスチャン,kurisuchan,1,Christian
24121,クリスピークリーム,kurisupīkurīmu,1,
24122,クリスマスキャンプ,kurisumasukyanpu,1,
24123,クリッパータイプ,kurippātaipu,1,
24124,クリミア,kurimia,1,
24126,クリー,kurī,1,Cree (aboriginal nation)
24128,クリームスイーツ,kurīmusuītsu,1,
24131,クル,kuru,1,
24132,クルッ,kurutsu,1,
24133,クルトン,kuruton,1,crouton
24134,クルド,kurudo,1,Kurd
24135,クルミ,kurumi,1,"walnut (Juglans spp., esp. Juglans regia)"
24136,クルラホーン,kururahōn,1,
24137,クルール,kurūru,1,
24138,クレ,kure,1,
24139,クレイグ,kureigu,1,
24140,クレオパトラ,kureopatora,1,
24141,クレジット,kurejitto,1,credit
24142,クレマチス,kuremachisu,1,clematis
24143,クレンザー,kurenzā,1,cleanser
24144,クレンジング,kurenjingu,1,cleansing
24146,クレーマーチック,kurēmāchikku,1,
24147,クロガレイ,kurogarei,1,
24148,クロスオーバー,kurosuōbā,1,crossover
24149,クロスカントリー,kurosukantorī,1,cross-country (skiing); cross-country race
24150,クロスバー,kurosubā,1,crossbar
24151,クロテッドクリーム,kuroteddokurīmu,1,clotted cream
24152,クロマキー,kuromakī,1,chroma key
24153,クロマグロ,kuromaguro,1,Pacific bluefin tuna (Thunnus orientalis)
24154,クロヱ,kuroe,1,
24155,クローザー,kurōzā,1,closer
24156,クローブ,kurōbu,1,clove
24157,クロール,kurōru,1,crawl (swimming); front crawl; forward crawl; web crawling
24159,クンテープ,kuntēpu,1,
24160,クンバンチェロ,kunbanchero,1,
24161,クールビス,kūrubisu,1,
24162,グアテマラ,guatemara,1,Guatemala
24163,グイグイ,guigui,1,without hesitation; with great optimism; vigorously; with great vigor; positively
24164,グイッ,guitsu,1,
24165,グイーッ,guītsu,1,
24167,グジャラート,gujarāto,1,
24168,グジュグジュ,gujuguju,1,
24170,グチャグチャ,guchagucha,1,pulpy; soppy; sloppy; untidy; in a disarray
24171,グッジョブ,gujjobu,1,good job
24172,グッジョブクラブ,gujjobukurabu,1,
24173,グッズリユース,guzzuriyūsu,1,
24175,グテレス,guteresu,1,
24176,グビ,gubi,1,
24177,グビグビ,gubigubi,1,in loud gulps (esp. of alcohol)
24178,グライダー,guraidā,1,glider
24179,グラッパ,gurappa,1,grappa
24180,グラデ,gurade,1,
24181,グラデーション,guradēshon,1,gradation; gradation haircut; taper
24182,グラノーラ,guranōra,1,granola
24183,グラバー,gurabā,1,
24184,グラブ,gurabu,1,glove (esp. sports); mitt; grab
24185,グラブジャムン,gurabujamun,1,
24186,グラミー,guramī,1,Grammy (award)
24187,グラライ,gurarai,1,
24190,グランピング,guranpingu,1,glamping
24192,グランミート,guranmīto,1,
24193,グランモラビア,guranmorabia,1,
24194,グラードン,gurādon,1,
24195,グリシーヌ,gurishīnu,1,
24196,グリップ,gurippu,1,grip
24197,グリル,guriru,1,grill (esp. fish grill); grilled food; grill room; restaurant serving grilled food; (radiator) grille
24199,グルグル,guruguru,1,(turning) round and round; in circles; wrapping around; winding around
24200,グルメサラダバー,gurumesaradabā,1,
24202,グレーズ,gurēzu,1,glaze; graze
24203,グレート,gurēto,1,great; grate
24206,グロ,guro,1,grotesque
24207,グロサリー,gurosarī,1,glossary; grocery
24208,グローリー,gurōrī,1,glory (i.e. an anticorona)
24209,グワー,guwā,1,
24210,グンマー,gunmā,1,Gunma prefecture
24211,グータッチ,gūtatchi,1,fist bump
24212,グーニーズ,gūnīzu,1,
24214,ケイト,keito,1,
24215,ケイマフリ,keimafuri,1,spectacled guillemot (Cepphus carbo); sooty guillemot
24217,ケガ,kega,1,injury (to animate object); hurt
24218,ケジャン,kejan,1,
24219,ケタ,keta,1,
24220,ケッ,ketsu,1,
24221,ケトル,ketoru,1,kettle
24222,ケヤキ,keyaki,1,"Japanese zelkova (species of elm-like tree, Zelkowa serrata)"
24224,ケロリン,kerorin,1,
24226,ケンシロウ,kenshirou,1,
24227,ケンズカフェ,kenzukafe,1,
24229,ケーキアソート,kēkiasōto,1,
24230,ケーズデンキ,kēzudenki,1,
24231,ケータリング,kētaringu,1,catering; (food) delivery
24232,ケープタウン,kēputaun,1,Cape Town (South Africa)
24233,ケール,kēru,1,kale (Brassica oleracea var. acephala)
24234,ゲイシャ,geisha,1,
24235,ゲイシャコーヒー,geishakōhī,1,
24240,ゲド,gedo,1,
24241,ゲノム,genomu,1,genome
24242,ゲフゲフ,gefugefu,1,
24243,ゲン,gen,1,gene
24244,ゲンママコト,genmamakoto,1,
24245,ゲートボール,gētobōru,1,gate ball (game similar to croquet)
24246,ゲームクリエーター,gēmukuriētā,1,
24247,ゲームセット,gēmusetto,1,"game, set and match; end of the game; end of the match"
24248,コアントロー,koantorō,1,
24249,コイ,koi,1,common carp (Cyprinus carpio); koi carp; Khoi (people); Khoikhoi; Khoi-khoin
24250,コイケヤ,koikeya,1,
24251,コイル,koiru,1,coil
24252,コウチョウ,kouchou,1,
24253,コオロギ,kōrogi,1,cricket (Gryllidae spp.); any insect that chirps in autumn
24255,コキア,kokia,1,
24257,コクウマ,kokūma,1,
24258,コクリコ,kokuriko,1,coquelicot; red poppy
24260,ココナツ,kokonatsu,1,coconut
24261,ココライチ,kokoraichi,1,
24262,ココリニ,kokorini,1,
24264,コサイン,kosain,1,cosine
24265,コスタ,kosuta,1,
24266,コスタコーヒー,kosutakōhī,1,
24267,コスタリカ,kosutarika,1,Costa Rica
24269,コストコユーザー,kosutokoyūzā,1,
24270,コスパイタリアン,kosupaitarian,1,
24271,コスプレ,kosupure,1,"cosplay (dressing in costume, esp. as a manga character, etc.)"
24272,コスプレエリア,kosupurēria,1,
24273,コスメガチャ,kosumegacha,1,
24274,コスメキッチン,kosumekitchin,1,
24275,コスモス,kosumosu,1,cosmos; common cosmos (Cosmos bipinnatus)
24276,コスラエ,kosurae,1,
24277,コズロフ,kozurofu,1,
24278,コソボ,kosobo,1,Kosovo
24279,コチュジャン,kochujan,1,gochujang (Korean red chili paste)
24281,コットン,kotton,1,cotton; cotton pads (usu. in amenity set); cotton buds
24282,コッポンオリ,koppon'ori,1,
24283,コテージ,kotēji,1,cottage
24284,コトコト,kotokoto,1,gentle clinking; sound of rapping; sound of rattling; sound of lightly chopping; simmering noise
24285,コトダマ,kotodama,1,
24286,コトブキ,kotobuki,1,
24288,コネクション,konekushon,1,connection
24289,コネクター,konekutā,1,connector
24290,コネリー,konerī,1,
24291,コバノツメクサ,kobanotsumekusa,1,
24292,コバノミツバツツジ,kobanomitsubatsutsuji,1,
24293,コブ,kobu,1,
24294,コプニ,kopuni,1,
24295,コマプスムニダ,komapusumunida,1,
24296,コミ,komi,1,including; inclusive of; komi; extra points given to the white player as compensation for playing second (in go)
24297,コミケ,komike,1,Comic Market (semiannual self-published comic book convention); comiket; comic book market; comicbook market
24298,コミスタ,komisuta,1,
24299,コミフ,komifu,1,
24300,コミュ,komyu,1,community; communication
24301,コミュデイ,komyudei,1,
24302,コミンテルン,kominterun,1,Comintern; Communist International; Third International
24303,コメディアン,komedian,1,comedian
24304,コモ,komo,1,
24305,コモドオオトカゲ,komodōotokage,1,Komodo dragon (Varanus komodoensis)
24306,コラボアイス,koraboaisu,1,
24307,コラボカフェ,korabokafe,1,
24308,コラボグッズ,koraboguzzu,1,
24309,コラボタンブラー,korabotanburā,1,
24311,コラボデー,korabodē,1,
24312,コラボドーナツ,korabodōnatsu,1,
24313,コラボフード,korabofūdo,1,
24314,コラムニスト,koramunisuto,1,columnist
24316,コラーゲン,korāgen,1,collagen
24317,コラードグリーン,korādogurīn,1,
24320,コリハモ,korihamo,1,
24321,コリビジ,koribiji,1,
24322,コリン,korin,1,choline
24323,コリンク,korinku,1,
24324,コルナ,koruna,1,koruna (Czech or former Slovak currency)
24325,コレカラ,korekara,1,
24327,コレデ,korede,1,
24328,コレラ,korera,1,cholera
24330,コロネ,korone,1,horn-shaped pastry with sweet filling
24331,コロラド,kororado,1,Colorado
24332,コロロ,kororo,1,
24333,コロワイド,korowaido,1,
24334,コロン,koron,1,colon; eau de Cologne; colonist
24335,コンク,konku,1,concentrated
24336,コンクリ,konkuri,1,concrete
24337,コンサ,konsa,1,
24338,コンサルティング,konsaruteingu,1,consulting
24340,コンセンサス,konsensasu,1,consensus
24342,コンチネンタル,konchinentaru,1,continental
24343,コンディシ,kondishi,1,
24344,コントローラー,kontorōrā,1,controller
24345,コンパス,konpasu,1,"pair of compasses; compass (for drawing circles, etc.); (mariner's) compass; legs; step"
24346,コンビニエンス,konbiniensu,1,convenience
24347,コンビニスイーツ,konbinisuītsu,1,
24348,コンピュータ,konpyūta,1,computer
24349,コンフェスタ,konfesuta,1,
24350,コンフレーク,konfurēku,1,
24351,コンプリートセット,konpurītosetto,1,
24352,コンポスト,konposuto,1,compost
24353,コンポタ,konpota,1,cream of corn soup
24354,コーエン,kōen,1,
24355,コージーコーナー,kōjīkōnā,1,
24357,コーチング,kōchingu,1,coaching; couching
24359,コーヒ,kōhi,1,
24362,コーフン,kōfun,1,
24363,コーマー,kōmā,1,
24364,コーラスフェス,kōrasufesu,1,
24366,コールドブリュー,kōrudoburyū,1,
24367,コーンアイスバー,kōn'aisubā,1,
24368,ゴイ,goi,1,
24370,ゴキ,goki,1,cockroach
24371,ゴキゲン,gokigen,1,
24372,ゴシゴシ,goshigoshi,1,scrubbing hard; scrubbing clean
24373,ゴシック,goshikku,1,Gothic (style); Gothic (typeface)
24374,ゴジラビュールーム,gojirabyūrūmu,1,
24375,ゴタゴタ,gotagota,1,trouble; difficulties; dispute; quarrel; discord
24376,ゴッ,gotsu,1,
24377,ゴッソリ,gossori,1,
24378,ゴッホ,gohho,1,
24379,ゴツ,gotsu,1,
24380,ゴテゴテ,gotegote,1,over the top; thickly; heavily; richly
24381,ゴディバッ,godibatsu,1,
24382,ゴディバデザート,godibadezāto,1,
24383,ゴディバフラッペ,godibafurappe,1,
24386,ゴボウ,gobou,1,great burdock (Arctium lappa); gobo
24387,ゴマダレ,gomadare,1,sesame sauce
24388,ゴムボート,gomubōto,1,rubber raft; inflatable boat
24389,ゴメン,gomen,1,I'm sorry; my apologies; excuse me; pardon me; may I come in?
24390,ゴリラ,gorira,1,"gorilla (Gorilla spp., esp. western gorilla, Gorilla gorilla)"
24392,ゴルシ,gorushi,1,
24393,ゴロリ,gorori,1,
24394,ゴワゴワ,gowagowa,1,stiff; starchy
24395,ゴンチャファン,gonchafan,1,
24396,ゴンベ,gonbe,1,hawkfish (any fish of family Cirrhitidae)
24398,ゴーストバスターズ,gōsutobasutāzu,1,
24399,ゴーセン,gōsen,1,
24400,ゴーッ,gōtsu,1,
24401,ゴーヤチャンプルー,gōyachanpurū,1,"bitter melon stir-fried with pork, tofu and other vegetables"
24402,ゴーヤー,gōyā,1,bitter melon (Momordica charantia); bitter gourd
24404,ゴールデンウィーク,gōruden'uīku,1,Golden Week (early-May holiday season in Japan)
24405,ゴールデンキャンプ,gōrudenkyanpu,1,
24408,サイ,sai,1,psi; rhinoceros
24409,サイアム,saiamu,1,
24410,サイケ,saike,1,psychedelic
24411,サイコロ,saikoro,1,dice; die
24412,サイゴン,saigon,1,Saigon
24413,サイドテーブル,saidotēburu,1,side table; bedside table
24414,サイドバック,saidobakku,1,sideback; defender (soccer)
24415,サイバーコンテスト,saibākontesuto,1,
24416,サイパル,saiparu,1,
24417,サイレンサー,sairensā,1,silencer
24418,サイレント,sairento,1,silent; silent movie; silent film; silent letter
24419,サウナー,saunā,1,
24420,サウロン,sauron,1,
24422,サガミ,sagami,1,
24423,サガン,sagan,1,
24424,サクセション,sakuseshon,1,
24425,サクセス,sakusesu,1,success
24426,ササッ,sasatsu,1,
24427,ササミフライ,sasamifurai,1,
24428,サザエ,sazae,1,"turban shell (any mollusc of the family Turbinidae, esp. the horned turban, Turbo cornutus)"
24429,サザコーヒー,sazakōhī,1,
24430,サザナミ,sazanami,1,
24431,サスケ,sasuke,1,
24433,サステナブルクロス,sasutenaburukurosu,1,
24434,サスペンス,sasupensu,1,suspense
24435,サスペンダー,sasupendā,1,suspenders
24436,サックス,sakkusu,1,saxophone; sax
24437,サックリ,sakkuri,1,lightly; gently; (breaking apart) easily
24438,サッポロ,sapporo,1,
24439,サツ,satsu,1,cops; police
24440,サツキ,satsuki,1,
24441,サツドラ,satsudora,1,
24442,サテライト,sateraito,1,satellite
24443,サト,sato,1,
24444,サトイモ,satoimo,1,taro (Colocasia esculenta); dasheen; eddo
24445,サトウ,satou,1,
24446,サトザクラ,satozakura,1,
24447,サバイバー,sabaibā,1,
24448,サビ,sabi,1,hook (high point of a song); (at a sushi shop) wasabi
24449,サファイア,safaia,1,sapphire
24450,サフラン,safuran,1,saffron
24451,サブカル,sabukaru,1,subculture
24453,サブスクリプション,sabusukuripushon,1,subscription
24454,サブリミナル,saburiminaru,1,subliminal
24457,サポーターズクラブ,sapōtāzukurabu,1,
24458,サポートアプリ,sapōtoapuri,1,
24461,サミュエル,samyueru,1,
24462,サムギョプサル,samugyopusaru,1,samgyeopsal; sliced pork belly cooked on a tabletop grill
24463,サムソーチーズ,samusōchīzu,1,
24464,サムライ,samurai,1,
24465,サメ,same,1,shark
24468,サラキトマナイ,sarakitomanai,1,
24470,サリ,sari,1,
24471,サリエル,sarieru,1,
24472,サリン,sarin,1,sarin (nerve agent)
24473,サルトリイバラ,sarutorībara,1,Smilax china (species of sarsaparilla)
24474,サルビア,sarubia,1,salvia; (scarlet) sage
24475,サワサワ,sawasawa,1,
24476,サンエー,san'ē,1,
24479,サンサン,sansan,1,
24480,サンシェード,sanshiēdo,1,sunshade
24481,サンシャイン,sanshain,1,sunshine
24482,サンジ,sanji,1,
24483,サンスクイーズ,sansukuīzu,1,
24484,サンタクロース,santakurōsu,1,Santa Claus
24485,サンダル,sandaru,1,sandal
24486,サンダーズ,sandāzu,1,
24487,サンチアゴ,sanchiago,1,Santiago (Chile)
24488,サンチェス,sanchesu,1,
24489,サンチュ,sanchu,1,Korean lettuce
24494,サンデーサン,sandēsan,1,
24495,サントミューゼ,santomyūze,1,
24496,サンドウィッチ,sandouitchi,1,sandwich
24497,サンドピクチャー,sandopikuchā,1,
24498,サンドブラスト,sandoburasuto,1,sandblast
24499,サンバヘギ,sanbahegi,1,
24500,サンパウロ,sanpauro,1,São Paulo (Brazil)
24501,サンパー,sanpā,1,
24502,サンピエール,sanpiēru,1,
24503,サンフェスタ,sanfesuta,1,
24504,サンポー,sanpō,1,
24506,サンマルク,sanmaruku,1,
24507,サンメリー,sanmerī,1,
24510,サンロク,sanroku,1,
24513,サー,sā,1,Sir
24514,サーキュレーター,sākyurētā,1,(air) circulator
24516,サーシャ,sāsha,1,
24517,サーチ,sāchi,1,search
24519,サーフィン,sāfin,1,surfing
24520,サーモス,sāmosu,1,"thermos (flask, bottle); vacuum flask"
24521,サーヴァント,sāvanto,1,
24522,ザイル,zairu,1,climbing rope (for mountaineering)
24523,ザコ,zako,1,small fish; small fry; (a) nobody; unimportant person
24524,ザコキャラ,zakokyara,1,
24525,ザックス,zakkusu,1,
24526,ザックリ,zakkuri,1,
24527,ザッハトルテ,zahhatorute,1,Sachertorte; chocolate cake filled with apricot jam and topped with chocolate icing
24528,ザプライム,zapuraimu,1,
24529,ザボン,zabon,1,pomelo (Citrus maxima); shaddock
24530,ザムザム,zamuzamu,1,
24531,ザラ,zara,1,
24532,ザラリ,zarari,1,
24533,ザワ,zawa,1,
24534,ザワッ,zawatsu,1,
24535,ザンギ,zangi,1,
24542,ザーサイ,zāsai,1,Szechuan pickles; Sichuan vegetables; zha cai; pickled mustard plant stem
24543,ザーッ,zātsu,1,sound of water
24544,シアター,shiatā,1,theater; theatre
24545,シアバイアー,shiabaiā,1,
24546,シイ,shī,1,any beech tree of genus Castanopsis; chinquapin; chinkapin
24547,シイタケ,shītake,1,shiitake mushroom (Lentinula edodes)
24548,シイラ,shīra,1,mahi-mahi (Coryphaena hippurus); common dolphinfish; dolphin; dorado
24549,シウマイ,shiumai,1,
24550,シウマイカレー,shiumaikarē,1,
24551,シェイプアップ,shieipuappu,1,getting in shape; improving one's figure
24552,シェイミ,shieimi,1,
24553,シェークスピア,shiēkusupia,1,
24554,シェーディング,shiēdingu,1,shading
24555,シェーンブルン,shiēnburun,1,
24556,シカト,shikato,1,ignoring (somebody); ostracizing; leaving (someone) out
24557,シガレット,shigaretto,1,cigarette
24558,シガー,shigā,1,cigar
24559,シクシク,shikushiku,1,
24560,シクラメン,shikuramen,1,cyclamen (esp. species Cyclamen persicum)
24561,シザーハンズ,shizāhanzu,1,
24562,シシ,shishi,1,
24563,シジミ,shijimi,1,basket clam (Corbiculidae spp.); freshwater clam; freshwater mussel
24566,シズラーシズラー,shizurāshizurā,1,
24567,シタン,shitan,1,
24568,シチューフェス,shichūfesu,1,
24569,シッカリ,shikkari,1,
24570,シツ,shitsu,1,
24571,シテ,shite,1,
24572,シティラクーア,shiteirakūa,1,
24573,シティー,shiteī,1,city
24574,シトッ,shitotsu,1,
24575,シナノキマダ,shinanokimada,1,
24576,シニョリーナ,shinyorīna,1,
24577,シネマズ,shinemazu,1,
24578,シビュラシステム,shibyurashisutemu,1,
24579,シフ,shifu,1,
24580,シフォン,shifon,1,chiffon
24581,シフト,shifuto,1,shift; move; (work) shift; work schedule; gearshift
24582,シブ,shibu,1,
24583,シミ,shimi,1,stain; spot; smudge; blot; smear
24584,シミュレーション,shimyurēshon,1,simulation; simulation (of a foul); diving; flopping
24585,シムズ,shimuzu,1,
24586,シャイ,shai,1,shy
24587,シャイニー,shainī,1,
24588,シャインラベンダー,shainrabendā,1,
24589,シャウト,shauto,1,shout; shouting
24590,シャカリキ,shakariki,1,doing something frantically; frantic state
24591,シャクシャク,shakushaku,1,
24592,シャチ,shachi,1,orca (Orcinus orca); killer whale; grampus; mythical carp with the head of a lion and the body of a fish (auspicious protectors of well-being); wooden dowel
24593,シャッキリ,shakkiri,1,
24594,シャトーブリアン,shatōburian,1,chateaubriand
24595,シャドウ,shadou,1,shadow
24596,シャドウポケモン,shadoupokemon,1,
24597,シャノアール,shanoāru,1,
24598,シャベル,shaberu,1,shovel
24599,シャミネ,shamine,1,
24601,シャレオツ,shareotsu,1,stylish; fashionable
24602,シャン,shan,1,beautiful
24603,シャングリラ,shangurira,1,
24604,シャンコン,shankon,1,
24605,シャンシャン,shanshan,1,jingling; (sound of) many people clapping together; healthy; robust; active
24606,シャンソン,shanson,1,chanson
24607,シャンデリア,shanderia,1,chandelier
24609,シャンポン,shanpon,1,wait to turn either of two pairs into a three-of-a-kind to finish one's hand
24610,シャー,shā,1,hiss (esp. cat); sizzle; whoosh; shah; former ruler of Iran
24611,シャープナー,shāpunā,1,sharpener
24612,シャーベット,shābetto,1,sherbet
24613,シュウ,shū,1,
24614,シュカシュカ,shukashuka,1,
24615,シュガープルーン,shugāpurūn,1,
24616,シュタイアーマルク,shutaiāmaruku,1,
24617,シュチュエーション,shuchuēshon,1,
24618,シュッシュ,shusshu,1,
24619,シュパン,shupan,1,
24620,シュプレヒコール,shupurehikōru,1,choral chanting; chanting in chorus (e.g. at a demonstration)
24621,シュラスコレス,shurasukoresu,1,
24623,シュルコマナイ,shurukomanai,1,
24624,シュレッダー,shureddā,1,shredder
24626,シューケアガイド,shūkeagaido,1,
24627,シューメーカー,shūmēkā,1,
24628,ショウ,shou,1,show
24632,ショパン,shopan,1,Chopin
24633,ショルダー,shorudā,1,shoulder
24634,ションボリ,shonbori,1,
24635,ショーツ,shōtsu,1,shorts; panties; knickers
24636,ショールーム,shōrūmu,1,showroom
24637,シリカ,shirika,1,silica
24638,シリコンバレー,shirikonbarē,1,
24639,シルク,shiruku,1,silk
24641,シルバ,shiruba,1,
24643,シルム,shirumu,1,ssireum; Korean wrestling
24645,シロー,shirō,1,
24646,シンガー,shingā,1,singer
24647,シンク,shinku,1,"sink; synchronization (esp. of data); synchronous (communications, etc.); think"
24648,シンクロ,shinkuro,1,synchronization; synchronized swimming
24651,シンジ,shinji,1,
24652,シンプルイズベスト,shinpuruizubesuto,1,simple is best; less is more
24653,シンプルケーキ,shinpurukēki,1,
24654,シンボ,shinbo,1,
24655,シーインパック,shīinpakku,1,
24656,シーガー,shīgā,1,
24658,シーケンサ,shīkensa,1,sequencer; programmable logic controller; PLC
24659,シージーエム,shījīemu,1,
24660,シース,shīsu,1,sheath
24661,シーズニングカレー,shīzuningukarē,1,
24663,シーソー,shīsō,1,seesaw
24665,シーツ,shītsu,1,sheet; bed sheet
24666,シートベルト,shītoberuto,1,seat belt; seatbelt
24667,ジェイ,jiei,1,J; j; Japan; joule; jack (playing card)
24669,ジェット,jietto,1,jet
24670,ジェトロ,jietoro,1,
24671,ジェネレーター,jienerētā,1,generator
24672,ジェノベーゼソース,jienobēzesōsu,1,
24673,ジェラートマシン,jierātomashin,1,
24674,ジェリー,jierī,1,jello (gelatin-based dessert); jelly; gel
24675,ジェル,jieru,1,"gel (hair, soap)"
24676,ジェレミー,jieremī,1,
24677,ジェンガ,jienga,1,
24678,ジェンダーフリー,jiendāfurī,1,gender equality
24679,ジェンダーレス,jiendāresu,1,
24680,ジェントルマン,jientoruman,1,gentleman
24681,ジオポリス,jioporisu,1,
24682,ジカ,jika,1,
24683,ジグザク,jiguzaku,1,
24684,ジグラー,jigurā,1,
24685,ジジイ,jijī,1,old man; old geezer
24687,ジッパー,jippā,1,zip fastener; slide fastener; Zipper (tradename)
24688,ジップアリーナ,jippuarīna,1,
24689,ジップロック,jippurokku,1,
24690,ジッポーオイル,jippōoiru,1,
24691,ジミー,jimī,1,
24692,ジメジメ,jimejime,1,
24693,ジャイアンツ,jaiantsu,1,
24695,ジャイシャンカル,jaishankaru,1,
24696,ジャギ,jagi,1,
24697,ジャグジー,jagujī,1,jacuzzi; jet bath spa; whirlpool bath
24698,ジャケ,jake,1,
24699,ジャコ,jako,1,
24700,ジャジー,jajī,1,
24701,ジャスチャー,jasuchā,1,
24702,ジャスティス,jasuteisu,1,justice
24704,ジャッジアイズ,jajjiaizu,1,
24705,ジャッソー,jassō,1,
24706,ジャバリア,jabaria,1,
24707,ジャバリヤ,jabariya,1,
24710,ジャブ,jabu,1,jab (esp. in boxing)
24711,ジャモカコーヒー,jamokakōhī,1,
24712,ジャンキー,jankī,1,junkie
24713,ジャンドゥーヤ,jandoūya,1,gianduja (chocolate containing hazelnut paste); gianduia
24715,ジャンバラヤ,janbaraya,1,jambalaya
24716,ジャンベ,janbe,1,
24718,ジャージー,jājī,1,jersey
24719,ジャーナリズム,jānarizumu,1,journalism
24720,ジュウジュウ,jūjū,1,
24721,ジュエ,jue,1,
24722,ジュカイン,jukain,1,
24727,ジュリー,jurī,1,jury
24728,ジュレ,jure,1,jello; gelatin dessert; jelly
24729,ジュワ,juwa,1,
24730,ジュワッ,juwatsu,1,
24731,ジュワーッ,juwātsu,1,
24734,ジョイスティック,joisuteikku,1,joy stick
24735,ジョイント,jointo,1,joint
24736,ジョウロ,jouro,1,watering can; watering pot; sprinkling can
24737,ジョギング,jogingu,1,jogging
24738,ジョニー,jonī,1,
24739,ジョブフェア,jobufea,1,
24740,ジョヤサ,joyasa,1,
24741,ジョリー,jorī,1,
24742,ジョン,jon,1,"jeon; Korean dish of meat, vegetables, etc. coated in flour and egg and fried"
24743,ジョンソン,jonson,1,
24745,ジョー,jō,1,joe; jaw
24746,ジョーク,jōku,1,joke
24747,ジョージ,jōji,1,
24748,ジョーズ,jōzu,1,man-eating shark
24749,ジョーン,jōn,1,
24750,ジョーンズ,jōnzu,1,
24751,ジリジリ,jirijiri,1,slowly (but steadily); gradually; bit-by-bit; irritatedly; impatiently
24752,ジングルベル,jinguruberu,1,
24753,ジンコ,jinko,1,
24754,ジンゴル,jingoru,1,
24755,ジンベエソフト,jinbēsofuto,1,
24756,ジーク,jīku,1,
24757,スイー,suī,1,
24759,スイーツバッグ,suītsubaggu,1,
24760,スイーツフロア,suītsufuroa,1,
24761,スイートポテト,suītopoteto,1,sweet potato
24762,スウィフト,sūifuto,1,
24763,スウィング,sūingu,1,"swing (of a golf club, tennis racket, etc.); swing (boxing); swing"
24764,スエ,sue,1,
24765,スエット,suetto,1,"sweatshirt; sweatpants; sweats; stretchy, absorbent fabric (used in sweatshirts and sweatpants); sweat"
24766,スカ,suka,1,ska
24767,スカンプー,sukanpū,1,
24768,スキップ,sukippu,1,skip (bounding forward with alternate hops on each foot); skipping (over); skip (captain of a curling team); skipper
24769,スキニー,sukinī,1,"skinny (jeans, etc.)"
24770,スキマウィキ,sukimauiki,1,
24771,スキャン,sukyan,1,scan
24772,スキースノボ,sukīsunobo,1,
24773,スクショ,sukusho,1,screenshot
24774,スクマウィキ,sukumauiki,1,
24775,スクラッチ,sukuratchi,1,scratch
24776,スクリ,sukuri,1,
24777,スクロール,sukurōru,1,scroll
24778,スクールロイヤー,sukūruroiyā,1,
24779,スグレモノ,suguremono,1,
24780,スケスケ,sukesuke,1,see-through; sheer
24781,スケソ,sukeso,1,
24782,スケボー,sukebō,1,skateboard; skateboarding
24784,スゲエ,sugē,1,incredible; unbelievable; terrific; impressive
24785,スコットランド,sukottorando,1,Scotland
24787,スコール,sukōru,1,squall; skoal; skol; cheers; salut
24788,スコーンサンド,sukōnsando,1,
24789,スス,susu,1,soot
24791,スタ,suta,1,
24792,スタイリスト,sutairisuto,1,stylist
24794,スタディ,sutadi,1,study
24797,スタンツァ,sutantsua,1,
24798,スタンディ,sutandi,1,
24799,スタンディング,sutandingu,1,free-standing bar
24804,スタートライン,sutātorain,1,starting line; starting point
24805,スターリン,sutārin,1,
24806,スチロール,suchirōru,1,styrene; Styrol
24808,スッポン,suppon,1,Chinese soft-shelled turtle (Pelodiscus sinensis); soft-shelled turtle (Trionychidae); trap door located on the walkway in a kabuki theatre; bilge pump (used on traditional Japanese ships)
24809,スツール,sutsūru,1,stool
24810,スティーブン,suteībun,1,
24811,ステイ,sutei,1,stay
24812,ステキ,suteki,1,lovely; wonderful; nice; great; fantastic
24813,ステッペンチーズ,suteppenchīzu,1,
24814,ステラクルー,suterakurū,1,
24815,ステレオ,sutereo,1,stereo
24816,ステレオイヤホン,sutereoiyahon,1,
24817,ステントグラフト,sutentogurafuto,1,
24819,ステー,sutē,1,stay
24820,ストッカー,sutokkā,1,stocker
24821,ストリング,sutoringu,1,string
24823,ストリーム,sutorīmu,1,stream
24827,ストロングポイント,sutorongupointo,1,strong point
24828,ストロンチウム,sutoronchiumu,1,strontium (Sr)
24829,ストン,suton,1,(with a) thump; (hanging) straight down
24830,スニ,suni,1,suni (Neotragus moschatus)
24831,スヌ,sunu,1,
24833,スノボー,sunobō,1,
24834,スノーアート,sunōāto,1,
24837,スノーランド,sunōrando,1,
24839,スパイシービストロ,supaishībisutoro,1,
24843,スパム,supamu,1,"Spam (trademarked luncheon meat, made mostly from ham); spam (unsolicited email messages)"
24844,スピ,supi,1,
24845,スピンオフ,supin'ofu,1,spin-off; spinoff
24846,スピーチ,supīchi,1,speech
24847,スピーチコン,supīchikon,1,
24848,スピードダウン,supīdodaun,1,slowing down
24849,スフィアライト,sufiaraito,1,
24850,スプラトリー,supuratorī,1,
24853,スペア,supea,1,"spare (part, tire, etc.); spare (bowling); knocking down all pins on the second throw"
24854,スペアリブ,supearibu,1,spare rib
24855,スペシャ,supesha,1,
24857,スペシャリティー,supeshariteī,1,
24858,スペースシャトル,supēsushatoru,1,space shuttle
24859,スペード,supēdo,1,spade
24861,スポドリ,supodori,1,sports drink
24862,スポレモンサワー,suporemonsawā,1,
24863,スポンジボール,suponjibōru,1,soft ball; sponge ball
24864,スポーツアスリート,supōtsuasurīto,1,
24866,スポーツチャンバラ,supōtsuchanbara,1,
24867,スポーツマンシップ,supōtsumanshippu,1,sportsmanship
24868,スポーティ,supōtei,1,"sporty (esp. garments, accessories, etc.)"
24869,スマッシュ,sumasshu,1,smash
24871,スマニューアプリ,sumanyūapuri,1,
24872,スマホカメラ,sumahokamera,1,
24873,スマホケース,sumahokēsu,1,
24874,スマホゲーム,sumahogēmu,1,smartphone game
24876,スマホホルダー,sumahohorudā,1,
24878,スマートウォッチ,sumātouotchi,1,smartwatch; smart watch
24881,スミヨシホルモン,sumiyoshihorumon,1,
24882,スメル,sumeru,1,smell
24883,スモア,sumoa,1,s'more (sweet snack)
24884,スモッキング,sumokkingu,1,smocking
24885,スモトリッチ,sumotoritchi,1,
24886,スモーキー,sumōkī,1,
24887,スモーク,sumōku,1,smoke; smoked
24889,スモール,sumōru,1,small
24890,スユッ,suyutsu,1,
24891,スユッスユク,suyussuyuku,1,
24892,スライダー,suraidā,1,"slider; slider (e.g. volume control); slide (e.g. water slide, playground slide); slider (sandwich)"
24893,スラックス,surakkusu,1,slacks
24894,スラックライン,surakkurain,1,
24895,スラローム,surarōmu,1,slalom
24896,スランプ,suranpu,1,slump
24897,スリ,suri,1,pickpocket
24898,スリストム,surisutomu,1,
24899,スリナム,surinamu,1,Surinam; Suriname
24900,スル,suru,1,
24901,スロバキア,surobakia,1,Slovakia
24902,スロー,surō,1,slow; slow motion; throw
24903,スワローポット,suwarōpotto,1,
24904,スワンナプーム,suwannapūmu,1,
24905,スンジュ,sunju,1,
24906,スンナリ,sunnari,1,
24907,スンニ,sunni,1,Sunni (Islam)
24908,スーチャディ,sūchadi,1,
24909,スーパーオセン,sūpāosen,1,
24910,スーパーカーバイク,sūpākābaiku,1,
24911,スーパーキッズ,sūpākizzu,1,
24913,スーパービバホーム,sūpābibahōmu,1,
24914,スーパーファミコン,sūpāfamikon,1,
24918,ズガイドス,zugaidosu,1,
24919,ズタズタ,zutazuta,1,to pieces; into shreds
24920,ズッシリ,zusshiri,1,
24921,ズドーン,zudōn,1,
24922,ズピカ,zupika,1,
24923,ズボラ,zubora,1,sloppy; slovenly; slipshod; negligent; loose
24924,ズラ,zura,1,
24925,ズラズラ,zurazura,1,
24926,ズラーッ,zurātsu,1,
24927,ズル,zuru,1,
24928,ズルムケ,zurumuke,1,
24929,ズーム,zūmu,1,zoom
24930,セイジ,seiji,1,sage
24931,セイロ,seiro,1,
24932,セウ,seu,1,
24933,セカンド,sekando,1,second; second base
24934,セカンドヒロミヤ,sekandohiromiya,1,
24935,セキュリティー,sekyuriteī,1,security
24936,セクション,sekushon,1,section
24937,セクシー,sekushī,1,sexy
24938,セクター,sekutā,1,sector
24939,セゲイルボ,segeirubo,1,
24940,セサミ,sesami,1,sesame
24942,セッター,settā,1,setter (dog type); setter (volleyball position)
24943,セッツ,settsu,1,
24944,セッティング,setteingu,1,"setting; installing; mounting; arranging; setting up (meeting, conference, etc.)"
24945,セットアップ,settoappu,1,(initial) setup; installation
24946,セネガル,senegaru,1,Senegal
24947,セノバ,senoba,1,
24948,セノヤ,senoya,1,
24949,セバスチャン,sebasuchan,1,
24950,セバストポリ,sebasutopori,1,
24951,セブンアイ,sebun'ai,1,
24952,セルゲイ,serugei,1,
24955,セルシス,serushisu,1,
24956,セルフサービス,serufusābisu,1,self-service
24957,セレブ,serebu,1,celeb; celebrity; wealthy person; rich person; socialite
24958,セレブマダム,serebumadamu,1,
24959,セロリ,serori,1,celery
24960,センセーション,sensēshon,1,sensation
24961,センターキッズ,sentākizzu,1,
24962,センチュリー,senchurī,1,century; Centuri
24964,センバツ,senbatsu,1,
24966,セーブポイント,sēbupointo,1,save point
24967,セールスマン,sērusuman,1,salesman
24969,ゼッ,zetsu,1,
24970,ゼッテリア,zetteria,1,
24971,ゼネラル,zeneraru,1,general
24972,ゼネラルマネジャー,zenerarumanejā,1,general manager
24973,ゼブラ,zebura,1,zebra
24974,ゼミ,zemi,1,seminar
24975,ゼミナール,zemināru,1,seminar
24976,ゼラチン,zerachin,1,gelatin; gelatine
24977,ゼルビア,zerubia,1,
24978,ゼルビアレディース,zerubiaredīsu,1,
24979,ソイ,soi,1,soy; soybean; soya bean; soy sauce
24980,ソイラテ,soirate,1,
24981,ソウハチガレイ,souhachigarei,1,
24982,ソシアルビル,soshiarubiru,1,
24983,ソッ,sotsu,1,
24984,ソックリ,sokkuri,1,
24985,ソッコー,sokkō,1,(finishing something) suddenly; abruptly
24986,ソッチ,sotchi,1,
24987,ソテー,sotē,1,saute
24988,ソニック,sonikku,1,sonic
24989,ソニー,sonī,1,
24990,ソバ,soba,1,
24991,ソビエト,sobieto,1,soviet; Soviet Union
24992,ソファ,sofa,1,sofa; couch
24993,ソファー,sofā,1,sofa; couch
24994,ソフトドリンク,sofutodorinku,1,soft drink
24997,ソマイア,somaia,1,
24999,ソルティーライチ,soruteīraichi,1,
25001,ソルベ,sorube,1,sorbet
25002,ソレ,sore,1,
25003,ソレイユ,soreiyu,1,sun; sunflower (Helianthus annuus)
25005,ソロキャンプ,sorokyanpu,1,solo camping; (going) camping by oneself
25007,ソロプチ,soropuchi,1,
25008,ソワレ,soware,1,soirée; evening party; evening performance; evening dress
25009,ソンセンニム,sonsennimu,1,
25011,ソーキカレー,sōkikarē,1,
25012,ソーキュート,sōkyūto,1,
25013,ソーシャル,sōsharu,1,social
25014,ソーシャルワーカー,sōsharuwākā,1,social worker
25015,ソータ,sōta,1,
25016,ソープ,sōpu,1,soap; soapland; brothel where one can bathe with prostitutes
25018,ソーラーカー,sōrākā,1,solar car
25021,ゾロア,zoroa,1,
25022,ゾワゾワ,zowazowa,1,
25025,タイガース,taigāsu,1,Tigers (usu. sports team)
25026,タイマー,taimā,1,timer; clock register
25027,タイムイズマネー,taimuizumanē,1,
25028,タイムス,taimusu,1,
25029,タイムズスクエア,taimuzusukuea,1,
25030,タイムトンネル,taimutonneru,1,time tunnel
25031,タイムレス,taimuresu,1,timeless
25032,タイル,tairu,1,tile
25033,タオ,tao,1,
25034,タカハシソース,takahashisōsu,1,
25035,タカヤ,takaya,1,
25036,タカヤアリーナ,takayārīna,1,
25037,タカラホワイト,takarahowaito,1,
25038,タキシード,takishīdo,1,tuxedo; dinner suit
25039,タクシン,takushin,1,
25041,タケ,take,1,bamboo (any grass of subfamily Bambusoideae); middle (of a three-tier ranking system)
25042,タケヤ,takeya,1,
25045,タスクアライブ,tasukuaraibu,1,
25046,タスニム,tasunimu,1,
25047,タチ,tachi,1,dominant partner of a homosexual relationship
25048,タチバーイ,tachibāi,1,
25049,タッカルビ,takkarubi,1,
25050,タッキー,takkī,1,
25051,タッチペン,tatchipen,1,touch pen; stylus
25052,タップリ,tappuri,1,
25053,タテ,tate,1,the vertical; height; front-to-back; length; north-to-south
25054,タテトプス,tatetopusu,1,
25055,タトゥーマシン,tatoūmashin,1,
25056,タナカ,tanaka,1,
25057,タナカヤ,tanakaya,1,
25058,タニシ,tanishi,1,pond snail (Viviparidae spp.)
25060,タバーン,tabān,1,
25061,タブ,tabu,1,tab (character); tabulation alignment; tabulation; tub
25062,タブー,tabū,1,taboo
25063,タプンタプン,tapuntapun,1,
25064,タペストリー,tapesutorī,1,tapestry; wall hanging; banner
25065,タマ,tama,1,
25066,タマカイ,tamakai,1,giant grouper (Epinephelus lanceolatus); brindle bass; bumblebee grouper; Queensland grouper
25067,タマサイ,tamasai,1,
25068,タマリバクラブ,tamaribakurabu,1,
25069,タモリ,tamori,1,
25070,タラバ,taraba,1,
25071,タラワ,tarawa,1,
25072,タリアータ,tariāta,1,
25073,タル,taru,1,
25074,タルリギ,tarurigi,1,
25075,タワレコ,tawareko,1,
25076,タンザニア,tanzania,1,Tanzania
25077,タンシチュー,tanshichū,1,stewed tongue
25078,タンチョウ,tanchou,1,"red-crowned crane (Grus japonensis); Japanese crane; red-cap oranda (goldfish); Tanchō (koi variety); having a red crest or patch on the head (of a bird, fish, etc.)"
25079,タンバリン,tanbarin,1,tambourine
25080,タンパク,tanpaku,1,protein; egg white; albumen; albumin
25081,ターキー,tākī,1,turkey (Meleagris gallopavo); turkey (bowling); three strikes in a row
25082,ターキーレッグ,tākīreggu,1,
25083,タートルズ,tātoruzu,1,
25084,ターボ,tābo,1,turbo
25086,ダイコン,daikon,1,"daikon (variety of large white Oriental radish, Raphanus sativus var. longipinnatus); ham actor; dive computer"
25087,ダイショー,daishō,1,
25088,ダイナー,dainā,1,diner
25089,ダイニング,dainingu,1,dining; dining room; meal
25090,ダイバー,daibā,1,diver
25092,ダカール,dakāru,1,Dakar (Senegal)
25093,ダクト,dakuto,1,duct
25094,ダシ,dashi,1,dashi (Japanese soup stock made from fish and kelp); pretext; excuse; pretense (pretence); dupe
25095,ダスキン,dasukin,1,
25096,ダナン,danan,1,
25097,ダニ,dani,1,tick (Acari spp.); mite
25098,ダビング,dabingu,1,"dubbing; adding a new audio (usu. voice) track to an existing video, film, etc.; re-recording existing video or audio data to a new DVD, tape, etc."
25099,ダブ,dabu,1,dab; dove; dub
25101,ダブチーセット,dabuchīsetto,1,
25103,ダブルヘッダー,daburuheddā,1,doubleheader; double-header
25104,ダメッス,damessu,1,
25105,ダメヤ,dameya,1,
25107,ダラ,dara,1,
25108,ダライ,darai,1,lathe
25109,ダラダラ,daradara,1,in drops; dripping; trickling; streaming; flowing
25110,ダンケグループ,dankegurūpu,1,
25111,ダンスオン,dansuon,1,
25112,ダンスコラボ,dansukorabo,1,
25113,ダンチ,danchi,1,
25114,ダンディ,dandi,1,dandy; fop; esthete
25116,ダンベル,danberu,1,dumbbell
25117,ダーク,dāku,1,dark
25118,ダージリン,dājirin,1,
25119,ダース,dāsu,1,dozen
25121,チイキ,chīki,1,
25122,チェアマン,cheaman,1,chairman
25123,チェイサー,cheisā,1,chaser; pursuer; light drink (often just water) taken after a strong alcoholic drink
25124,チェサ,chesa,1,
25125,チェックポイント,chekkupointo,1,important point; point to check; point not to miss; checkpoint
25126,チェリー,cherī,1,cherry
25127,チェンナイ,chennai,1,Chennai
25129,チキカルボナーラ,chikikarubonāra,1,
25130,チキカレー,chikikarē,1,
25131,チキショー,chikishō,1,
25132,チキチキハイハイ,chikichikihaihai,1,
25133,チキンカツカレー,chikinkatsukarē,1,
25134,チキンカツサンド,chikinkatsusando,1,
25135,チキンナゲット,chikinnagetto,1,chicken nugget
25136,チキンバーガー,chikinbāgā,1,
25137,チグハグ,chiguhagu,1,
25138,チジン,chijin,1,
25139,チタン,chitan,1,titanium (Ti)
25140,チヂミ,chijimi,1,buchimgae; Korean pancake
25141,チックフィレイ,chikkufirei,1,
25143,チップスブランド,chippusuburando,1,
25144,チト,chito,1,
25145,チバ,chiba,1,
25146,チビ,chibi,1,"small child; pipsqueak; small fry; small, cute versions of manga, anime, etc. characters, typically with oversized heads; short person"
25147,チベット,chibetto,1,Tibet
25148,チャイティーラテ,chaiteīrate,1,
25149,チャイナ,chaina,1,China
25150,チャイラテ,chairate,1,
25151,チャコニャクラゲ,chakonyakurage,1,
25152,チャシュラン,chashuran,1,
25153,チャター,chatā,1,
25154,チャットボット,chattobotto,1,chatbot
25155,チャプチェコンボ,chapuchekonbo,1,
25156,チャペック,chapekku,1,
25157,チャペル,chaperu,1,chapel
25158,チャミスル,chamisuru,1,
25159,チャムス,chamusu,1,
25160,チャリチャリ,charichari,1,
25161,チャリテイー,chariteī,1,
25162,チャリンコ,charinko,1,bicycle; child pickpocket
25163,チャレンジャー,charenjā,1,challenger
25164,チャンゴサークル,changosākuru,1,
25165,チャンピックス,chanpikkusu,1,
25166,チャンプリーグ,chanpurīgu,1,
25168,チャート,chāto,1,chart; chert
25169,チャーム,chāmu,1,charm
25170,チャールズ,chāruzu,1,
25171,チュウ,chū,1,
25172,チュニジア,chunijia,1,Tunisia
25173,チューク,chūku,1,
25174,チューシュー,chūshū,1,
25175,チューチュー,chūchū,1,squeak; cheep; peep; slurp; sucking noisily
25176,チュートリアル,chūtoriaru,1,tutorial
25177,チューニング,chūningu,1,tuning
25178,チューバー,chūbā,1,
25179,チューリップ,chūrippu,1,tulip
25180,チョイ,choi,1,
25181,チョコクリスピー,chokokurisupī,1,
25182,チョコスイーツ,chokosuītsu,1,
25185,チョコフロランタン,chokofurorantan,1,
25186,チョコベーグル,chokobēguru,1,
25187,チョコボ,chokobo,1,
25190,チョゴリ,chogori,1,chogori; jeogori; short jacket traditionally worn by Koreans
25191,チョソンサラム,chosonsaramu,1,
25192,チョッパー,choppā,1,chopper
25193,チョモランマ,chomoranma,1,
25197,チョー,chō,1,super-; ultra-; hyper-; extreme; extremely
25198,チラ,chira,1,
25200,チラリ,chirari,1,"fleeting (glimpse, glance, etc.)"
25201,チリコンカン,chirikonkan,1,chili con carne
25202,チリンガム,chiringamu,1,
25203,チルド,chirudo,1,chilled; tilde
25204,チロルチョコファン,chiroruchokofan,1,
25205,チンイツ,chin'itsu,1,having only tiles of one suit and no honor tiles (meld)
25206,チンギスハン,chingisuhan,1,
25207,チング,chingu,1,
25209,チーズタッカルビ,chīzutakkarubi,1,
25211,チーズボロネーゼ,chīzuboronēze,1,
25212,チート,chīto,1,cheat
25215,チープ,chīpu,1,cheap
25216,チームグランツ,chīmugurantsu,1,
25217,チームコラボ,chīmukorabo,1,
25218,チームメート,chīmumēto,1,teammate
25221,ツイン,tsuin,1,twin
25222,ツエーゲン,tsuēgen,1,
25223,ツキノワグマ,tsukinowaguma,1,Asian black bear (Selenarctos thibetanus); moon bear
25224,ツケ,tsuke,1,bill; bill of sale; payment invoice; tab (for later payment); credit
25225,ツタンカーメン,tsutankāmen,1,
25226,ツッコ,tsukko,1,
25227,ツバ,tsuba,1,
25228,ツバメ,tsubame,1,swallow (bird of the Hirundinidae family); martin; barn swallow (Hirundo rustica); younger man involved with an older woman; boy toy
25229,ツブ,tsubu,1,whelk (esp. Neptunea and Buccinum spp.); small spiral-shelled snail (esp. a pond snail)
25230,ツブツブ,tsubutsubu,1,
25231,ツボ,tsubo,1,pot; jar; vase; dice cup; depression
25232,ツマ,tsuma,1,
25234,ツヤツヤ,tsuyatsuya,1,glossy; bright; slick
25235,ツヨ,tsuyo,1,
25236,ツラ,tsura,1,face; mug; surface; cheek meat; cheek
25237,ツリーランコース,tsurīrankōsu,1,
25238,ツルッツル,tsuruttsuru,1,
25239,ツワブキ,tsuwabuki,1,Japanese silverleaf (Farfugium japonicum)
25240,ツンドラ,tsundora,1,tundra; sharp and sarcastic without ever acting lovestruck
25241,ツヴィリング,tsuviringu,1,
25242,ツートップ,tsūtoppu,1,two-top (soccer formation); formation with two forwards at the front line
25243,ツーランク,tsūranku,1,
25244,ツールド,tsūrudo,1,Tour de ... (e.g. Tour de France)
25247,ティア,teia,1,tier; tear
25248,ティアラ,teiara,1,tiara
25249,ティザービジュアル,teizābijuaru,1,
25250,ティックトック,teikkutokku,1,
25251,ティファール,teifāru,1,
25253,ティンダーユーザー,teindāyūzā,1,
25254,ティーカップソーサ,teīkappusōsa,1,
25255,ティーセット,teīsetto,1,tea set
25256,ティーンエイジャー,teīn'eijā,1,teenager
25259,テイクアウトセット,teikuautosetto,1,
25262,テイラー,teirā,1,tailor
25263,テゲバジャーロ,tegebajāro,1,
25264,テコンドー,tekondō,1,taekwondo; tae kwon do
25265,テスラ,tesura,1,tesla
25266,テック,tekku,1,technical center; technical centre; TeX; typesetting system designed by Donald Knuth
25267,テッサロニキ,tessaroniki,1,
25268,テッパン,teppan,1,iron plate; steel plane; sure thing; certain winner
25269,テディベア,tedibea,1,teddy bear
25270,テニアン,tenian,1,
25271,テニスパークジョイ,tenisupākujoi,1,
25272,テヘッ,tehetsu,1,
25273,テメエ,temē,1,
25274,テュレーン,teyurēn,1,
25276,テルユー,teruyū,1,
25277,テルラ,terura,1,
25278,テレ,tere,1,tele; Terret (wine grape variety)
25279,テレカ,tereka,1,telephone card
25280,テレキャス,terekyasu,1,
25281,テレクラ,terekura,1,telephone dating or sex service; sex chat line
25282,テレグラム,tereguramu,1,
25283,テレコ,tereko,1,tape recorder
25285,テロップ,teroppu,1,"telop; television opaque projector; device used to broadcast onscreen text (e.g. subtitles, captions); onscreen text and images (e.g. subtitles, captions, scrolling tickers, logos)"
25286,テン,ten,1,10; ten; Japanese marten (Martes melampus); marten (any arboreal weasel-like mammal of genus Martes)
25287,テング,tengu,1,
25288,テンコモリ,tenkomori,1,
25289,テンパ,tenpa,1,naturally curly hair
25290,テンメンジャン,tenmenjan,1,sweet flour paste (Chinese seasoning)
25293,テーパードパンツ,tēpādopantsu,1,
25296,デアゴスティーニ,deagosuteīni,1,
25297,ディアギレボ,diagirebo,1,
25298,ディアボラ,diabora,1,
25299,ディオ,dio,1,
25300,ディスカッション,disukasshon,1,discussion
25302,ディスコ,disuko,1,disco; discotheque
25303,ディスペンサー,disupensā,1,dispenser; vending machine; cash dispenser
25305,ディップ,dippu,1,dip; dual inline package; DIP
25306,ディテール,ditēru,1,detail
25307,ディビジョン,dibijon,1,division
25308,ディフェンス,difensu,1,defense; defence
25309,ディフェンダー,difendā,1,defender
25310,ディベート,dibēto,1,debate
25311,ディマギバ,dimagiba,1,
25312,ディル,diru,1,dill (Anethum graveolens)
25313,ディレクター,direkutā,1,director
25314,ディレッツ,direttsu,1,
25315,ディージャ,dīja,1,
25316,ディーゼル,dīzeru,1,diesel
25317,ディーゼルオートマ,dīzeruōtoma,1,
25319,デイクリーム,deikurīmu,1,
25323,デカップリング,dekappuringu,1,decoupling
25324,デカンタワイン,dekantawain,1,
25325,デキル,dekiru,1,
25326,デクラーク,dekurāku,1,
25327,デコトラ,dekotora,1,"showily decorated truck (e.g. chrome, air-brushed pictures, colored lights); art truck"
25328,デコボコ,dekoboko,1,
25329,デコポン,dekopon,1,dekopon (Citrus reticulata Siranui); sumo mandarin; sumo citrus
25330,デコマス,dekomasu,1,
25331,デコルテ,dekorute,1,décolleté; décolletage; the part of a woman's chest and back exposed by a low neckline; robe décolletée; low-cut dress
25332,デコレート,dekorēto,1,
25334,デジ,deji,1,digital; digi-
25335,デジタルサイネージ,dejitarusainēji,1,digital signage display; electronic billboard; digital signage system
25336,デジタルデトックス,dejitarudetokkusu,1,
25340,デストロイモード,desutoroimōdo,1,
25341,デストロイヤー,desutoroiyā,1,destroyer
25342,デスノート,desunōto,1,
25343,デスマッチ,desumatchi,1,death match (pro wrestling); deathmatch; fight to the finish; desperate struggle; life-and-death struggle
25345,デッサン,dessan,1,rough sketch
25346,デトックス,detokkusu,1,detox
25347,デニス,denisu,1,
25348,デニズ,denizu,1,
25349,デニセンコ,denisenko,1,
25350,デニッシュパン,denisshupan,1,
25351,デバイス,debaisu,1,device
25353,デフォルト,deforuto,1,default
25354,デフレ,defure,1,deflation
25355,デマンド,demando,1,demand
25356,デミグラススープ,demigurasusūpu,1,
25360,デュアルフーディー,deyuarufūdī,1,
25361,デュオ,deyuo,1,duo
25362,デュプロン,deyupuron,1,
25363,デラウェア,derauea,1,Delaware
25364,デラックス,derakkusu,1,deluxe
25365,デリカシー,derikashī,1,delicacy; tact; considerateness; sensitivity; thoughtfulness
25366,デリケート,derikēto,1,delicate; sensitive; subtle
25367,デリシャスチケット,derishasuchiketto,1,
25369,デリス,derisu,1,derris (Derris elliptica)
25370,デリバリ,deribari,1,
25372,デルムンド,derumundo,1,
25373,デロリアン,derorian,1,
25374,デローサ,derōsa,1,
25375,デンマーク,denmāku,1,Denmark
25376,デヴィ,devi,1,
25377,データタイプ,dētataipu,1,data type
25378,データバンク,dētabanku,1,data bank
25379,データベース,dētabēsu,1,database
25380,デートスポット,dētosupotto,1,date spot; dating spot
25381,デービッド,dēbiddo,1,
25384,トガ,toga,1,"toga; southern Japanese hemlock (species of conifer native to Japan, Tsuga sieboldii)"
25385,トキ,toki,1,Japanese crested ibis (Nipponia nippon); crested ibis
25386,トク,toku,1,
25387,トゲトゲブーツ,togetogebūtsu,1,
25388,トコ,toko,1,
25389,トシ,toshi,1,
25390,トス,tosu,1,toss
25392,トック,tokku,1,tteok (sweet Korean rice cake)
25393,トップス,toppusu,1,top; upper garment; thermoelectric outer planet spacecraft; TOPS; Training Opportunities Scheme
25394,トップニュース,toppunyūsu,1,top news; front-page news; lead story
25395,トップボーイズ,toppubōizu,1,
25396,トッポッキ,toppokki,1,"tteokbokki (stir-fried rice cake with meat, eggs, seasoning, etc.); ddeokbokki"
25397,トド,todo,1,Steller sea lion (Eumetopias jubatus); northern sea lion; Sakhalin fir (Abies sachalinensis)
25398,トパーズ,topāzu,1,topaz
25399,トピックス,topikkusu,1,topics; Tokyo Stock Price Index; TOPIX
25400,トベター,tobetā,1,
25401,トマ,toma,1,
25402,トマチキン,tomachikin,1,
25405,トマトバジルソース,tomatobajirusōsu,1,
25407,トマハンバーグ,tomahanbāgu,1,
25408,トムヤムヌードル,tomuyamunūdoru,1,
25410,トライアスロン,toraiasuron,1,triathlon
25411,トラクター,torakutā,1,tractor
25412,トラッキー,torakkī,1,
25413,トラベラー,toraberā,1,traveler; traveller
25414,トランク,toranku,1,suitcase; trunk; trunk (of a car); boot; (trunk) line
25415,トランコ,toranko,1,
25417,トランポリン,toranporin,1,trampoline
25418,トリキガチ,torikigachi,1,
25419,トリキルーレット,torikirūretto,1,
25420,トリッキー,torikkī,1,tricky
25421,トリック,torikku,1,trick
25423,トリニティトリガー,toriniteitorigā,1,
25424,トリニータ,torinīta,1,
25425,トリミアン,torimian,1,
25426,トルトネフ,torutonefu,1,
25427,トルドー,torudō,1,
25428,トルネージ,torunēji,1,
25429,トレジャーハンター,torejāhantā,1,treasure hunter
25430,トレニアート,toreniāto,1,
25431,トレパズルゲーム,torepazurugēmu,1,
25433,トレンチコート,torenchikōto,1,trench coat
25435,トレーディング,torēdingu,1,trading
25436,トレードオフ,torēdōfu,1,trade-off
25437,トレードマーク,torēdomāku,1,trademark
25439,トロッ,torotsu,1,
25440,トロット,torotto,1,trot
25441,トング,tongu,1,tongs
25442,トンコツ,tonkotsu,1,
25443,トントン,tonton,1,with a tap; with a knock; with a knocking sound; with a rap-tap; smoothly (proceed)
25445,トンベジ,tonbeji,1,
25446,トンポ,tonpo,1,
25448,トーチ,tōchi,1,torch
25449,トーチカ,tōchika,1,pillbox
25450,トーフ,tōfu,1,
25453,ドイ,doi,1,
25454,ドゥケ,douke,1,
25455,ドゥーセーブル,doūsēburu,1,
25457,ドオー,dōo,1,
25458,ドカン,dokan,1,with a bang
25459,ドク,doku,1,
25460,ドクターペッパー,dokutāpeppā,1,
25461,ドクトリン,dokutorin,1,doctrine
25462,ドケチプレイヤー,dokechipureiyā,1,
25463,ドシー,doshī,1,
25464,ドジャーブルー,dojāburū,1,
25465,ドチャッ,dochatsu,1,
25466,ドッキリ,dokkiri,1,feeling startled; getting a shock; prank; practical joke
25467,ドッキング,dokkingu,1,docking
25468,ドッグサロン,doggusaron,1,
25469,ドッサリ,dossari,1,heaps; a lot; plenty; oodles; with a thud
25470,ドッヂビー,dojjibī,1,
25472,ドトールドッグ,dotōrudoggu,1,
25473,ドドッ,dodotsu,1,
25477,ドナー,donā,1,donor
25478,ドバー,dobā,1,
25480,ドボドボ,dobodobo,1,"with glugging (e.g. of liquid being poured, running down)"
25481,ドボン,dobon,1,plop; splash
25483,ドメイン,domein,1,domain; domain name
25484,ドラ,dora,1,gong; tam-tam; dora; special tile that increases the han value of a hand
25485,ドライバ,doraiba,1,driver (of a vehicle); screwdriver; driver (golf); driver; device driver
25486,ドライブイン,doraibuin,1,"drive-in (bank, cinema, etc.); roadside restaurant; rest stop"
25487,ドラクエウォーク,dorakueuōku,1,
25488,ドラクエファン,dorakuefan,1,
25489,ドラゴンズ,doragonzu,1,
25490,ドラフェス,dorafesu,1,
25491,ドラフトギネス,dorafutoginesu,1,
25492,ドラマチック,doramachikku,1,dramatic
25493,ドラム,doramu,1,drum; drums; drum kit; dram (unit of weight); drachm
25494,ドラムス,doramusu,1,
25499,ドリフターズ,dorifutāzu,1,
25500,ドリフト,dorifuto,1,drift
25501,ドリーミング,dorīmingu,1,dreaming
25503,ドルビーアトモス,dorubīatomosu,1,
25504,ドルビーシネマ,dorubīshinema,1,
25505,ドレス,doresu,1,dress
25507,ドレッサー,doressā,1,dresser
25508,ドレッドヘア,doreddohea,1,dreadlocks
25509,ドレミ,doremi,1,"do, re, mi (solfa syllables)"
25510,ドレミニ,doremini,1,
25511,ドロー,dorō,1,draw
25512,ドンキオリジナル,donkiorijinaru,1,
25513,ドンジャラ,donjara,1,donjara; ponjan; simplified children's version of mahjong
25514,ドンズバ,donzuba,1,
25515,ドンチョル,donchoru,1,
25516,ドンドン,dondon,1,drumming (noise); beating; pounding; banging; booming
25518,ドンブラザーズ,donburazāzu,1,
25520,ドープ,dōpu,1,dope; doping
25521,ドーラ,dōra,1,
25524,ナイチンゲール,naichingēru,1,nightingale
25525,ナイル,nairu,1,Nile (river)
25526,ナエル,naeru,1,
25529,ナオミ,naomi,1,
25530,ナガオ,nagao,1,
25531,ナギサ,nagisa,1,
25532,ナゲツケサル,nagetsukesaru,1,
25534,ナショナリズム,nashonarizumu,1,nationalism
25535,ナショナル,nashonaru,1,national
25537,ナスララ,nasurara,1,
25538,ナセル,naseru,1,nacelle
25539,ナゾ,nazo,1,
25540,ナタデココ,natadekoko,1,nata de coco; coconut gel
25541,ナチス,nachisu,1,Nazi; Nationalsozialist; Nazi Party
25542,ナチュラル,nachuraru,1,natural; natural (sign)
25543,ナチュレ,nachure,1,
25544,ナッシュ,nasshu,1,gnash
25545,ナット,natto,1,nut (as in nut and bolt); (edible) nut; nat; natural unit of information
25546,ナナシカレー,nanashikarē,1,
25548,ナニコレ,nanikore,1,what the?; what's going on?; what's this?
25549,ナパーム,napāmu,1,napalm
25550,ナビゲーションバー,nabigēshonbā,1,
25551,ナプキン,napukin,1,(table) napkin; serviette; sanitary napkin; sanitary pad
25552,ナベヅル,nabezuru,1,hooded crane (Grus monacha)
25553,ナメクジ,namekuji,1,slug
25554,ナルト,naruto,1,
25555,ナンシー,nanshī,1,
25556,ナンジャモ,nanjamo,1,
25557,ナント,nanto,1,
25558,ナンバーズ,nanbāzu,1,
25559,ナンブイヌナズナ,nanbuinunazuna,1,
25560,ナンブキラリ,nanbukirari,1,
25561,ナンブトラノオ,nanbutoranō,1,
25562,ナーフ,nāfu,1,
25563,ニイタカヤマノボレ,nītakayamanobore,1,
25564,ニキ,niki,1,person who can be relied upon; person who is confident in their own abilities
25565,ニコッ,nikotsu,1,
25566,ニシ,nishi,1,small spiral-shelled snail; spiral shellfish
25567,ニシノフラワー,nishinofurawā,1,
25568,ニジェール,nijiēru,1,Niger
25569,ニセアプリ,niseapuri,1,
25570,ニセコ,niseko,1,
25571,ニチイ,nichī,1,
25573,ニックネーム,nikkunēmu,1,nickname
25575,ニッケル,nikkeru,1,nickel (Ni)
25576,ニッコニコ,nikkoniko,1,
25577,ニッセイ,nissei,1,
25578,ニッタククラブ,nittakukurabu,1,
25579,ニッチ,nitchi,1,niche
25580,ニッパー,nippā,1,nippers; diagonal pliers; wire cutters
25582,ニフティ,nifutei,1,
25583,ニブフギリヤーク,nibufugiriyāku,1,
25584,ニモマケズ,nimomakezu,1,
25585,ニャップサック,nyappusakku,1,
25586,ニヤニヤ,niyaniya,1,grinning; smirking
25587,ニューオリンズ,nyūorinzu,1,
25588,ニューオータニ,nyūōtani,1,
25590,ニューズウィーク,nyūzūīku,1,
25591,ニュータイプ,nyūtaipu,1,new type
25592,ニュータンタンメン,nyūtantanmen,1,
25593,ニュートン,nyūton,1,newton (N) (SI unit of force); Newton (Sir Isaac)
25594,ニューヒーロー,nyūhīrō,1,
25595,ニューモデル,nyūmoderu,1,new model
25596,ニューヨーカー,nyūyōkā,1,New Yorker
25597,ニラバラン,nirabaran,1,Microtis unifolia (species of orchid)
25598,ニラレバ,nirareba,1,
25599,ニワトリ,niwatori,1,chicken (Gallus gallus domesticus); domestic chicken; chicken meat
25600,ニンキナンカ,ninkinanka,1,
25601,ニンゲン,ningen,1,
25602,ニードル,nīdoru,1,needle
25603,ヌクヌク,nukunuku,1,
25604,ヌックホット,nukkuhotto,1,
25605,ヌリヌリ,nurinuri,1,
25606,ヌンチャク,nunchaku,1,nunchaku (two linked fighting sticks); nunchak; nunchucks
25607,ヌードミルクティ,nūdomirukutei,1,
25610,ネオ,neo,1,neo
25612,ネクスコ,nekusuko,1,
25613,ネクステージ,nekusutēji,1,
25615,ネクタイ,nekutai,1,tie; necktie
25616,ネクト,nekuto,1,
25617,ネコリパブリック,nekoripaburikku,1,
25618,ネス,nesu,1,-ness
25619,ネスト,nesuto,1,nest; hive; rookery; hideout; refuge
25620,ネチネチ,nechinechi,1,sticky; persistent; insistent; nagging
25621,ネックウォーマー,nekkūōmā,1,neck warmer; neck gaiter
25622,ネッシー,nesshī,1,Nessie (i.e. the Loch Ness monster)
25623,ネッチョリ,netchori,1,
25624,ネットヘイト,nettoheito,1,
25625,ネットミーム,nettomīmu,1,
25626,ネットメディア,nettomedia,1,Internet media; WWW-based news services
25627,ネトフリ,netofuri,1,Netflix
25628,ネビラキ,nebiraki,1,
25629,ネル,neru,1,flannel
25630,ネー,nē,1,
25631,ネーミングライツ,nēminguraitsu,1,naming right; naming rights
25632,ノア,noa,1,NOR (boolean operator)
25634,ノクターン,nokutān,1,nocturne
25635,ノコギリヤシ,nokogiriyashi,1,
25636,ノゴジリ,nogojiri,1,
25637,ノジマ,nojima,1,
25638,ノストラダムス,nosutoradamusu,1,
25639,ノックアウト,nokkuauto,1,knockout
25640,ノミネート,nominēto,1,nomination
25641,ノルディック,norudikku,1,Nordic
25642,ノルディックスキー,norudikkusukī,1,Nordic skiing
25643,ノルドストリーム,norudosutorīmu,1,
25644,ノルハイム,noruhaimu,1,
25645,ノルマ,noruma,1,(one's) quota; assignment
25646,ノロ,noro,1,European roe deer (Capreolus capreolus); norovirus
25647,ノンケ,nonke,1,heterosexual person (as viewed by homosexual person)
25649,ノンフライヤー,nonfuraiyā,1,
25651,ノーテンキ,nōtenki,1,
25652,ハァハァ,hāhā,1,gasp; pant
25653,ハイカー,haikā,1,hiker
25655,ハイキングー,haikingū,1,
25656,ハイクラス,haikurasu,1,high class
25657,ハイスクール,haisukūru,1,high school
25658,ハイゼットトラック,haizettotorakku,1,
25659,ハイネック,hainekku,1,high-necked
25660,ハイビスカス,haibisukasu,1,hibiscus
25661,ハイペース,haipēsu,1,quick pace
25663,ハイム,haimu,1,home
25665,ハウ,hau,1,how
25666,ハウジング,haujingu,1,"housing (i.e. accommodation); housing (equipment, etc.); cabinet; hosting (e.g. computer services)"
25667,ハウスカ,hausuka,1,
25668,ハウル,hauru,1,
25669,ハエ,hae,1,fly (any insect of infraorder Muscomorpha); person of no worth; pisher; scrub
25670,ハガル,hagaru,1,
25671,ハギ,hagi,1,bush clover; Japanese clover (any flowering plant of genus Lespedeza); dark red exterior with blue interior (color combination worn in autumn); Hagi (city in Yamaguchi)
25672,ハクトウワシ,hakutouwashi,1,bald eagle (Haliaeetus leucocephalus)
25673,ハグチキン,haguchikin,1,
25675,ハシゴ,hashigo,1,ladder; stairs; going to several places in succession (e.g. barhopping)
25676,ハシビロコウ,hashibirokou,1,shoebill (Balaeniceps rex)
25677,ハス,hasu,1,"sacred lotus (Nelumbo nucifera); Indian lotus; lotus; rose of Sharon (Hibiscus syriacus); three-lips (freshwater fish of the minnow family, Opsariichthys uncirostris)"
25678,ハスラー,hasurā,1,hustler; entrepreneur; go-getter; (skilled or professional) pool player; billiard player
25679,ハズキルーペ,hazukirūpe,1,
25680,ハッ,hatsu,1,
25681,ハッカー,hakkā,1,hacker
25682,ハッキング,hakkingu,1,hacking
25683,ハッコウシティ,hakkoushitei,1,
25684,ハッシュ,hasshu,1,"hash (function, table, etc.); hash; hash (sign); hush; hushing"
25685,ハッシュドビーフ,hasshudobīfu,1,hashed beef
25686,ハッシュドポテト,hasshudopoteto,1,hash browns; hashed browns
25687,ハッチ,hatchi,1,hatch
25688,ハットトリック,hattotorikku,1,hat trick
25689,ハッパ,happa,1,leaf; blade (of grass); (pine) needle; marijuana; cannabis
25690,ハッピ,happi,1,
25691,ハツラツ,hatsuratsu,1,lively; vigorous; sprightly; animated; vivid
25692,ハテナ,hatena,1,dear me!; good gracious!; well; let me see; now
25694,ハナシ,hanashi,1,
25695,ハニ,hani,1,
25696,ハニーバターソース,hanībatāsōsu,1,
25697,ハネ,hane,1,
25698,ハバネロソース,habanerosōsu,1,
25699,ハピネス,hapinesu,1,
25700,ハフ,hafu,1,
25701,ハフハフ,hafuhafu,1,alternately sucking in and blowing out air through one's mouth while eating something hot (in order to cool it down)
25702,ハプスブルク,hapusuburuku,1,
25703,ハマ,hama,1,beach; seashore; captured pieces (in the game of go); captured stones; Yokohama
25704,ハマナス,hamanasu,1,rugosa rose (Rosa rugosa); Japanese rose; Ramanas rose
25705,ハミゴ,hamigo,1,
25706,ハムアンドチーズ,hamuandochīzu,1,
25707,ハムファイターズ,hamufaitāzu,1,
25708,ハムラ,hamura,1,
25709,ハメ,hame,1,fucking; screwing; having sex
25710,ハヤシ,hayashi,1,hash (e.g. hashed meat); hash (function)
25711,ハラペーニョ,harapēnyo,1,jalapeno pepper; jalapeno
25712,ハラミ,harami,1,skirt steak; meat cut from the diaphragm; belly meat (e.g. salmon); peritoneal meat (e.g. chicken)
25714,ハラールトルコ,harārutoruko,1,
25716,ハリケーン,harikēn,1,hurricane
25719,ハリコフ,harikofu,1,
25720,ハリーポッター,harīpottā,1,
25722,ハルカス,harukasu,1,
25723,ハルク,haruku,1,
25724,ハルト,haruto,1,
25725,ハルマゲドン,harumagedon,1,Armageddon
25726,ハレイロ,hareiro,1,
25727,ハレノヒ,harenohi,1,
25728,ハレバレ,harebare,1,
25729,ハロ,haro,1,halo; hello; hallo; hullo; harrow
25730,ハワイアン,hawaian,1,Hawaiian (person); Hawaiian; Hawaiian music
25731,ハンガーストライキ,hangāsutoraiki,1,hunger strike
25732,ハングリータイガー,hangurītaigā,1,
25733,ハンス,hansu,1,
25734,ハンズフリー,hanzufurī,1,hands-free (e.g. telephone)
25736,ハンチング,hanchingu,1,hunting; oscillatory behavior of a non-converging feedback loop (behaviour); hunting cap
25737,ハンデ,hande,1,handicap
25738,ハンドブック,handobukku,1,handbook
25741,ハンドリング,handoringu,1,handling; handball (soccer foul)
25742,ハンプ,hanpu,1,hump (e.g. speed hump)
25743,ハンモック,hanmokku,1,hammock
25744,ハーグ,hāgu,1,
25746,ハートランド,hātorando,1,heartland
25747,ハードウェア,hādouea,1,hardware (esp. computer)
25748,ハードセルツァー,hādoserutsuā,1,
25749,ハードボイルド,hādoboirudo,1,"hard-boiled (person, style, etc.); tough; hard-boiled fiction"
25750,ハーバード,hābādo,1,
25752,ハーフマラソン,hāfumarason,1,half-marathon
25755,バイクエクササイズ,baikuekusasaizu,1,
25756,バイザー,baizā,1,visor
25757,バイセクシャル,baisekusharu,1,bisexual
25758,バイタリティー,baitariteī,1,vitality
25759,バイパス,baipasu,1,bypass
25760,バイブ,baibu,1,vibrator; vibe; feeling; atmosphere; vibes
25761,バイブル,baiburu,1,Bible; bible (authoritative book in a particular sphere)
25762,バカンス,bakansu,1,holidays; vacation
25763,バキ,baki,1,
25764,バグラヴァ,bagurava,1,
25765,バケ,bake,1,
25766,バゲット,bagetto,1,baguette; baguet
25767,バシバシ,bashibashi,1,
25768,バシール,bashīru,1,
25769,バジュランギ,bajurangi,1,
25770,バジルソース,bajirusōsu,1,
25771,バスターミナル,basutāminaru,1,bus terminal
25772,バスローブ,basurōbu,1,bathrobe
25773,バズグレ,bazugure,1,
25774,バズヒート,bazuhīto,1,
25775,バズーカ,bazūka,1,bazooka
25776,バセンジー,basenjī,1,basenji (dog breed); Congo dog
25777,バタコ,batako,1,
25778,バターガレット,batāgaretto,1,
25779,バターン,batān,1,
25780,バチバチ,bachibachi,1,"crackling (of fire, fireworks, etc.); sparking; sputtering; spitting; to fight"
25781,バチン,bachin,1,(with a) slap; smack; whack; sound of a sharp blow with something flat; wham
25782,バチーン,bachīn,1,
25783,バックアップ,bakkuappu,1,backup
25784,バックスクリーン,bakkusukurīn,1,back screen (esp. hitter's background in center field)
25785,バックナンバー,bakkunanbā,1,back issue (of a publication); back-number
25787,バッター,battā,1,batter
25788,バッチ,batchi,1,badge; batch
25789,バッティング,batteingu,1,"batting (baseball, cricket, etc.); butting (in boxing); clashing (of schedules, etc.); conflict; colliding"
25790,バッドボーイズ,baddobōizu,1,
25791,バナー,banā,1,banner; banner (graphic provided to link to site)
25792,バナーパネル,banāpaneru,1,
25793,バニラジェラート,banirajierāto,1,
25794,ババッ,babatsu,1,
25795,ババロア,babaroa,1,bavarois
25796,バビロン,babiron,1,
25797,バフムト,bafumuto,1,
25799,バラエティショップ,baraeteishoppu,1,
25800,バラエティピッツァ,baraeteipittsua,1,
25801,バラス,barasu,1,"ballast; crushed stone, gravel, etc. used on a roadbed or railway track"
25802,バリア,baria,1,barrier; protective wall; bulwark; obstacle; hindrance
25803,バリカタン,barikatan,1,
25804,バリケード,barikēdo,1,barricade
25805,バリボリ,baribori,1,
25807,バルサミコ,barusamiko,1,balsamic; balsamic vinegar
25808,バルサミコソテー,barusamikosotē,1,
25809,バルス,barusu,1,
25810,バルソロメオス,barusoromeosu,1,
25811,バルドラール,barudorāru,1,
25812,バルバッコア,barubakkoa,1,
25814,バレリーナ,barerīna,1,ballerina
25817,バンガロール,bangarōru,1,
25818,バングラディッシュ,banguradisshu,1,
25819,バンザイ,banzai,1,"crying ""banzai"" (or raising one's hands in the banzai gesture); something worthy of celebration; giving up; long time; eternal life (and prosperity)"
25820,バンジー,banjī,1,
25821,バンジージャンプ,banjījanpu,1,bungee-jumping; bungee jump
25822,バンズパン,banzupan,1,
25823,バンチ,banchi,1,bunch; bundle; cluster; group; crowd
25824,バンドゥーラ,bandoūra,1,
25825,バンドネオン,bandoneon,1,bandoneon
25826,バンドン,bandon,1,
25827,バーガーキング,bāgākingu,1,
25828,バーガーシャリ,bāgāshari,1,
25829,バーガーズ,bāgāzu,1,
25831,バークレー,bākurē,1,
25832,バーゲニングパワー,bāgeningupawā,1,bargaining power
25833,バーゲン,bāgen,1,bargain; bargain sale
25834,バーサーカー,bāsākā,1,berserker
25835,バージニア,bājinia,1,Virginia
25836,バース,bāsu,1,berth; verse; birth
25837,バースデー,bāsudē,1,birthday
25838,バーテンダー,bātendā,1,bartender
25839,バーモント,bāmonto,1,Vermont
25840,バーン,bān,1,barn; road; bang; bam; wham
25841,パイクロースト,paikurōsuto,1,
25842,パイシュー,paishū,1,
25843,パイプライン,paipurain,1,pipeline; pipe-line
25844,パイロット,pairotto,1,pilot
25845,パインアメサワー,pain'amesawā,1,
25846,パウチ,pauchi,1,porch; pouch
25847,パウパトロール,paupatorōru,1,
25848,パウロ,pauro,1,
25850,パエリア,paeria,1,paella (Spanish rice dish)
25851,パオ,pao,1,yurt; batons (playing card suit)
25852,パカーン,pakān,1,
25853,パキッテ,pakitte,1,
25854,パキラ,pakira,1,
25855,パギリナン,pagirinan,1,
25858,パクチートッピング,pakuchītoppingu,1,
25859,パクチーバーガー,pakuchībāgā,1,
25860,パクチーフェス,pakuchīfesu,1,
25861,パケット,paketto,1,(data) packet; packet; parcel; package
25862,パシフィコ,pashifiko,1,
25863,パシフィック,pashifikku,1,Pacific
25864,パジャマ,pajama,1,pajamas; pyjamas
25866,パステルカラー,pasuterukarā,1,pastel color; pastel colour
25867,パズー,pazū,1,
25868,パタリ,patari,1,
25870,パッカー,pakkā,1,packer; pucker
25871,パッチワーク,patchiwāku,1,patchwork
25872,パット,patto,1,putt; pad; padding; pat; patting
25873,パテ,pate,1,putty; pate
25874,パテル,pateru,1,
25875,パト,pato,1,
25876,パトレイバー,patoreibā,1,
25877,パドレス,padoresu,1,
25878,パフ,pafu,1,(powder) puff; parp (horn sound)
25879,パフォーマー,pafōmā,1,performer
25880,パプリカ,papurika,1,bell pepper (esp. red and yellow); capsicum; paprika (spice made from sweet peppers)
25881,パラ,para,1,para-; Paralympics
25882,パラアスリート,parāsurīto,1,
25883,パラグアイ,paraguai,1,Paraguay
25884,パラスポーツ,parasupōtsu,1,
25885,パラソル,parasoru,1,parasol (esp. one that is secured to the ground); sunshade; (beach) umbrella
25887,パラダイム,paradaimu,1,paradigm
25889,パラックパニール,parakkupanīru,1,palak paneer
25890,パラマウント,paramaunto,1,paramount
25891,パラリーガル,pararīgaru,1,paralegal
25892,パリパパリ,paripapari,1,
25893,パリパリモッチリ,pariparimotchiri,1,
25894,パルセイロ,paruseiro,1,
25895,パルチザン,paruchizan,1,partisan
25896,パルテル,paruteru,1,
25897,パルマ,paruma,1,
25898,パルミエ,parumie,1,
25899,パレット,paretto,1,palette; pallet
25900,パロディ,parodi,1,parody
25901,パワフルバーグ,pawafurubāgu,1,
25903,パンタナル,pantanaru,1,
25904,パンヂュウ,panjū,1,
25905,パンティー,panteī,1,panties; panty; briefs
25906,パンデミック,pandemikku,1,pandemic
25907,パンド,pando,1,
25912,パーコー,pākō,1,
25913,パーソナリティー,pāsonariteī,1,personality; individuality; TV personality; celebrity
25914,パーティション,pāteishon,1,partition; cubicle
25915,パーテーション,pātēshon,1,partition; cubicle
25916,パートナーズ,pātonāzu,1,
25918,パーマ,pāma,1,perm (hairstyle); permanent wave
25919,パール,pāru,1,pearl; Perl; purl (knitting stitch)
25920,パーン,pān,1,"Pan (Greek god); bang; boom; crack; sound of something exploding, bursting or cracking"
25921,ヒィヒィ,hīhī,1,
25922,ヒカルヒロバ,hikaruhiroba,1,
25923,ヒグマ,higuma,1,brown bear (Ursus arctos)
25924,ヒグラシ,higurashi,1,evening cicada (Tanna japonensis)
25925,ヒケ,hike,1,close (e.g. of business); leaving (e.g. school); retiring; being outdone; compare unfavourably (with)
25926,ヒジョ,hijo,1,
25927,ヒジョー,hijō,1,
25928,ヒスイガーディ,hisuigādi,1,
25930,ヒストリー,hisutorī,1,history
25931,ヒタヒタ,hitahita,1,
25932,ヒッ,hitsu,1,
25933,ヒットラー,hittorā,1,Hitler
25935,ヒップホップダンス,hippuhoppudansu,1,
25936,ヒトデ,hitode,1,starfish; sea star; asteroid; any echinoderm of the class Asteroidea; northern Pacific seastar (Asterias amurensis)
25937,ヒドイ,hidoi,1,
25938,ヒノアラシ,hinoarashi,1,
25939,ヒビ,hibi,1,
25940,ヒポ,hipo,1,
25941,ヒメジョオン,himejōn,1,daisy (Erigeron annuus); daisy fleabane
25942,ヒメボタル,himebotaru,1,Hotaria parvula (species of firefly)
25943,ヒモ,himo,1,string; cord; man who is financially dependent on a woman; gigolo; pimp
25944,ヒヤ,hiya,1,
25945,ヒヤッ,hiyatsu,1,
25946,ヒヤップ,hiyappu,1,
25947,ヒュ,hyu,1,
25948,ヒュウヒュウ,hyūhyū,1,
25949,ヒューマン,hyūman,1,human
25950,ヒライ,hirai,1,
25951,ヒラマチ,hiramachi,1,
25953,ヒリヒリ,hirihiri,1,stinging (pain); smarting; tingling
25954,ヒル,hiru,1,hill; leech
25956,ヒロ,hiro,1,
25957,ヒロイン,hiroin,1,heroine
25958,ヒロミヤ,hiromiya,1,
25959,ヒンバス,hinbasu,1,
25960,ヒンヤリ,hinyari,1,
25961,ヒートアップ,hītoappu,1,heat up
25962,ヒートギア,hītogia,1,
25963,ヒードラン,hīdoran,1,
25964,ヒーハー,hīhā,1,
25965,ヒール,hīru,1,heel; heel (e.g. in pro wrestling); bad guy; player of villain roles; heal
25966,ヒーローズ,hīrōzu,1,
25968,ビエイラ,bieira,1,
25969,ビオラ,biora,1,viola
25970,ビク,biku,1,
25971,ビクタン,bikutan,1,
25972,ビクデリ,bikuderi,1,
25973,ビクトリア,bikutoria,1,Victoria (Seychelles); Victoria (Australia)
25974,ビザ,biza,1,visa
25975,ビショビショ,bishobisho,1,soaked; drenched; sopping; soppy; wet
25976,ビジター,bijitā,1,visitor
25977,ビジネスライク,bijinesuraiku,1,businesslike; professional
25978,ビジーフォー,bijīfō,1,
25979,ビタビタ,bitabita,1,
25981,ビターズ,bitāzu,1,bitters
25982,ビックサイト,bikkusaito,1,
25984,ビッグハウ,bigguhau,1,
25985,ビッグマック,biggumakku,1,
25986,ビッグロゴマグ,biggurogomagu,1,
25987,ビッシリ,bisshiri,1,"closely (packed, lined up, etc.); tightly; densely; (work) sufficiently"
25988,ビデオテープ,bideotēpu,1,video tape
25989,ビニテ,binite,1,
25990,ビネガー,binegā,1,vinegar
25991,ビハインド,bihaindo,1,behind; trailing in points (e.g. in sports)
25992,ビバレッジボトル,bibarejjibotoru,1,
25994,ビビヨン,bibiyon,1,
25995,ビブリオバトル,biburiobatoru,1,
25996,ビャン,byan,1,
25997,ビューティー,byūteī,1,beauty
25999,ビヨンビヨン,biyonbiyon,1,bouncily; with a stretch; with a boing
26000,ビラ,bira,1,holiday house; villa; bill; handbill; flier
26001,ビリヤード,biriyādo,1,billiards; pool; snooker; cue sports
26002,ビリー,birī,1,
26003,ビリーザキッド,birīzakiddo,1,
26004,ビン,bin,1,bottle; jar; decanter; flagon; phial
26005,ビンゴ,bingo,1,bingo
26006,ビンゴゲーム,bingogēmu,1,bingo game
26007,ビンタ,binta,1,
26008,ビンテージ,bintēji,1,vintage
26009,ビンビン,binbin,1,hard (e.g. penis); strong (e.g. beat of music); throbbing (e.g. headache); blaring (e.g. rock music)
26010,ビースト,bīsuto,1,beast
26012,ビーバー,bībā,1,beaver; viva
26013,ビーフィー,bīfī,1,
26016,ビーフパティ,bīfupatei,1,beef patty
26017,ビーフン,bīfun,1,rice vermicelli; rice noodles
26018,ビールフェスタ,bīrufesuta,1,
26019,ビーンズセット,bīnzusetto,1,
26020,ピエロ,piero,1,clown
26021,ピカソ,pikaso,1,Picasso
26022,ピカチュウカラー,pikachūkarā,1,
26024,ピクリ,pikuri,1,with a twitch (e.g. an eyebrow); with a dip; with a bob; with a flutter
26025,ピグレット,piguretto,1,
26026,ピサ,pisa,1,
26027,ピザッタ,pizatta,1,
26028,ピザハットアプリ,pizahattoapuri,1,
26029,ピシャ,pisha,1,
26030,ピスコット,pisukotto,1,
26031,ピスタチオクリーム,pisutachiokurīmu,1,
26032,ピスタチオバター,pisutachiobatā,1,
26033,ピスタチオフェア,pisutachiofea,1,
26034,ピストル,pisutoru,1,pistol
26035,ピストン,pisuton,1,piston; plunger
26036,ピタッ,pitatsu,1,
26037,ピタピタ,pitapita,1,with a patting motion; lightly (tapping); (sticking) fast; firmly; closely
26038,ピタリング,pitaringu,1,
26039,ピッ,pitsu,1,
26040,ピッツァ,pittsua,1,"pizza; fat, ugly person"
26041,ピッツェリアピザ,pittsueriapiza,1,
26042,ピット,pitto,1,pit
26044,ピュア,pyua,1,pure
26045,ピョンヤン,pyonyan,1,Pyongyang (North Korea)
26046,ピラフ,pirafu,1,pilaf
26047,ピリピリ,piripiri,1,stinging; smarting; tingling; burning; on edge
26048,ピリピリッ,piripiritsu,1,
26049,ピルスナーグラス,pirusunāgurasu,1,
26050,ピンクソルト,pinkusoruto,1,
26051,ピンセット,pinsetto,1,tweezers; forceps
26052,ピンチョス,pinchosu,1,pincho; pintxo
26053,ピーアール,pīāru,1,PR; public relations
26055,ピーチ,pīchi,1,peach
26056,ピーチインピーチ,pīchīnpīchi,1,
26058,ピーナツ,pīnatsu,1,peanut
26059,ピーナツクリーム,pīnatsukurīmu,1,
26061,ピーラー,pīrā,1,peeler (for peeling a label from its base in a barcode printer)
26062,ファイア,faia,1,fire
26063,ファイターカイト,faitākaito,1,
26065,ファイッ,faitsu,1,
26066,ファイナルズ,fainaruzu,1,
26067,ファイバー,faibā,1,fiber; fibre
26068,ファイバーヒート,faibāhīto,1,
26069,ファイブガイズ,faibugaizu,1,
26070,ファインプレー,fainpurē,1,fine play
26071,ファウチ,fauchi,1,
26072,ファサ,fasa,1,
26073,ファジアーノ,fajiāno,1,
26074,ファタハ,fataha,1,
26075,ファビュラス,fabyurasu,1,
26076,ファミコン,famikon,1,
26077,ファミサポ,famisapo,1,
26079,ファミマウマ,famimauma,1,
26080,ファロ,faro,1,
26081,ファロッファ,faroffa,1,
26082,ファンシー,fanshī,1,fancy
26083,ファンタジスタ,fantajisuta,1,
26084,ファンタジー,fantajī,1,fantasy
26085,ファンタスティック,fantasuteikku,1,fantastic
26087,ファンファーレ,fanfāre,1,fanfare; flourish of trumpets
26088,ファンブチギレ,fanbuchigire,1,
26091,ファーストヒロミヤ,fāsutohiromiya,1,
26095,フィオネ,fione,1,
26096,フィオーレ,fiōre,1,
26097,フィガロ,figaro,1,
26098,フィクサー,fikusā,1,fixer
26099,フィジカル,fijikaru,1,physical
26100,フィジー,fijī,1,Fiji
26102,フィッシュチップス,fisshuchippusu,1,
26103,フィナンシェ,finanshie,1,financier (type of pastry)
26106,フィラデルフィア,firaderufia,1,Philadelphia
26107,フィル,firu,1,fill; philharmonic
26108,フィレオベーシック,fireobēshikku,1,
26109,フィーチャー,fīchā,1,feature
26110,フィードバック,fīdobakku,1,feedback
26111,フィーバー,fībā,1,fever (state of excitement)
26112,フィールドワーク,fīrudowāku,1,fieldwork
26113,フェアリー,fearī,1,fairy
26114,フェイクニュース,feikunyūsu,1,fake news
26116,フェザン,fezan,1,
26117,フェザー,fezā,1,feather
26118,フェニックス,fenikkusu,1,"phoenix (bird of Egyptian mythology); phoenix (any palm tree of genus Phoenix, incl. the date palm)"
26120,フェラガモ,feragamo,1,
26121,フェリーチェ,ferīche,1,
26122,フェンダー,fendā,1,fender (of a car); wing; fender (on a boat)
26123,フェース,fēsu,1,face; faith; belief
26124,フエダイ,fuedai,1,"star snapper (species of fish, Lutjanus stellatus)"
26125,フォグランプ,foguranpu,1,fog lamp
26126,フォトグラファー,fotogurafā,1,photographer
26127,フォトコン,fotokon,1,
26128,フォトジェニック,fotojienikku,1,photogenic
26129,フォトロゲイニング,fotorogeiningu,1,
26130,フォルクス,forukusu,1,
26131,フォルダー,forudā,1,folder
26132,フォルティウス,foruteiusu,1,
26133,フォロ,foro,1,
26134,フォンダンショコラ,fondanshokora,1,
26135,フォンドボー,fondobō,1,fond de veau; veal stock
26136,フォートレー,fōtorē,1,
26137,フォーマット,fōmatto,1,(computer) format
26139,フォーリーブス,fōrībusu,1,
26140,フクシア,fukushia,1,fuchsia (shrub)
26142,フサフサ,fusafusa,1,in tufts; tufty; bushy; thick; luxuriant
26143,フザ,fuza,1,
26144,フジグラ,fujigura,1,
26148,フジヤマバーガー,fujiyamabāgā,1,
26149,フダ,fuda,1,
26150,フック,fukku,1,"hook (fishing, golf, boxing, etc.)"
26151,フットパス,futtopasu,1,
26152,フットボール,futtobōru,1,"football (incl. soccer, rugby, American football, etc.; esp. used for soccer)"
26153,フットロング,futtorongu,1,
26155,フツー,futsū,1,
26156,フト,futo,1,
26157,フニャ,funya,1,
26158,フニャフニャ,funyafunya,1,limpness; soft; limp; flabby; mumbling
26159,フムス,fumusu,1,hummus (chickpea-based paste); hommus; humus; humous; houmous
26161,フライデー,furaidē,1,Friday
26163,フライド,furaido,1,fried
26164,フライング,furaingu,1,flying; false start; doing something before the arranged time; breaking a street date
26165,フラウエンコール,furauenkōru,1,
26166,フラットトップヘア,furattotoppuhea,1,
26167,フラッペ,furappe,1,frappé
26168,フラメンコ,furamenko,1,flamenco
26169,フラワーロール,furawārōru,1,
26170,フリカキックス,furikakikkusu,1,
26171,フリップ,furippu,1,flip
26172,フリマ,furima,1,flea market
26173,フリークスストア,furīkususutoa,1,
26174,フリーザ,furīza,1,
26175,フリーダムシールド,furīdamushīrudo,1,
26176,フリードマン,furīdoman,1,
26177,フリーライター,furīraitā,1,freelance writer
26180,フルコース,furukōsu,1,full-course dinner; multicourse meal
26181,フルコーデ,furukōde,1,
26182,フルスイング,furusuingu,1,full swing
26183,フルセット,furusetto,1,full set
26184,フルタイム,furutaimu,1,full time
26185,フルトン,furuton,1,
26186,フルフル,furufuru,1,froufrou; frou frou; frilly decoration; Furfur; Furtur
26187,フルフール,furufūru,1,
26188,フルボッコ,furubokko,1,completely beating somebody up; being completely knocked down; thoroughly bashing somebody
26189,フルムーン,furumūn,1,
26190,フルリニューアル,fururinyūaru,1,
26192,フルーツパーラー,furūtsupārā,1,"teahouse that sells fruit (or serves fruitcake, etc.)"
26195,フレッチャー,furetchā,1,
26198,フレーバーアソート,furēbāasōto,1,
26199,フロイド,furoido,1,
26201,フロー,furō,1,flow
26202,フローズンドリンク,furōzundorinku,1,
26203,フローズンマンゴー,furōzunmangō,1,
26204,フワ,fuwa,1,
26205,フワンテ,fuwante,1,
26206,フンドシ,fundoshi,1,
26207,フーコット,fūkotto,1,
26210,ブクブク,bukubuku,1,bulging; swelling (e.g. with water); loose-fitting or baggy (clothing); bubbling; foaming
26211,ブクマ,bukuma,1,bookmark
26212,ブクロ,bukuro,1,
26213,ブックマークカフェ,bukkumākukafe,1,
26214,ブックレット,bukkuretto,1,booklet
26215,ブッチャーズ,butchāzu,1,
26216,ブツ,butsu,1,stock; products; stolen goods; loot; spoils
26217,ブツッ,butsutsu,1,
26219,ブニュブニュ,bunyubunyu,1,
26220,ブヨ,buyo,1,
26221,ブライアン,buraian,1,
26222,ブライダル,buraidaru,1,bridal; nuptial; wedding; wedding planning
26223,ブラインド,buraindo,1,window blind; blinds
26224,ブラウザゲーム,burauzagēmu,1,
26226,ブラウニー,buraunī,1,brownie
26227,ブラウブリッツ,burauburittsu,1,
26228,ブラウンソース,buraunsōsu,1,brown sauce
26229,ブラジリア,burajiria,1,Brasilia (Brazil)
26230,ブラスコンサート,burasukonsāto,1,
26232,ブラックサンダー,burakkusandā,1,
26235,ブラックパイナー,burakkupainā,1,
26236,ブラックペガール,burakkupegāru,1,
26237,ブラックホール,burakkuhōru,1,black hole
26238,ブラッシュ,burasshu,1,brush; brushy; blush
26239,ブラフハッタリ,burafuhattari,1,
26240,ブラマムパーク,buramamupāku,1,
26241,ブラン,buran,1,
26242,ブランコ,buranko,1,swing; trapeze
26244,ブラーボ,burābo,1,
26245,ブリオッシュ,buriosshu,1,brioche
26246,ブリュッセル,buryusseru,1,Brussels (Belgium)
26247,ブリーフ,burīfu,1,briefs
26248,ブルキナファソ,burukinafaso,1,Burkina Faso
26249,ブルック,burukku,1,brook
26250,ブルックリン,burukkurin,1,
26251,ブルドーザー,burudōzā,1,bulldozer
26252,ブルブル,buruburu,1,"trembling (with fear, anger, etc.); shivering (with cold); shaking; quivering"
26253,ブルペン,burupen,1,bull pen
26254,ブルワリー,buruwarī,1,brewery (esp. of beer)
26255,ブルージェイズ,burūjieizu,1,
26257,ブルーハーツ,burūhātsu,1,
26259,ブルームバーグ,burūmubāgu,1,
26261,ブルーワーカー,burūwākā,1,
26263,ブレイクダンス,bureikudansu,1,breakdance; breakdancing
26264,ブレイザーズ,bureizāzu,1,
26265,ブレグジット,buregujitto,1,Brexit; withdrawal of the United Kingdom from the European Union
26266,ブレザー,burezā,1,blazer
26267,ブレーブス,burēbusu,1,
26268,ブレーン,burēn,1,brains (of an operation); advisor; brain trust; brain (organ)
26269,ブログ,burogu,1,blog; weblog
26270,ブロッサム,burossamu,1,blossom
26271,ブロマイド,buromaido,1,"bromide; publicity photograph of a movie star, entertainer, etc."
26272,ブロンコビリー,buronkobirī,1,
26273,ブロンズ,buronzu,1,bronze
26274,ブロンド,burondo,1,blonde
26275,ブロー,burō,1,blow-drying; blow; punch; brow; playing an instrument (esp. in jazz)
26276,ブワッ,buwatsu,1,
26277,ブーケ,būke,1,bouquet
26278,ブースター,būsutā,1,booster
26279,ブースト,būsuto,1,
26280,プシュー,pushū,1,
26281,プジン,pujin,1,
26282,プチサイズ,puchisaizu,1,
26283,プチデザート,puchidezāto,1,
26284,プチトマト,puchitomato,1,cherry tomato
26286,プチヌン,puchinun,1,
26287,プチパン,puchipan,1,
26288,プチプラ,puchipura,1,low price; affordable price
26289,プチプラショップ,puchipurashoppu,1,
26290,プチョン,puchon,1,
26292,プッチンプリン,putchinpurin,1,
26293,プライズフィギュア,puraizufigyua,1,
26294,プライバシー,puraibashī,1,privacy
26295,プライベー,puraibē,1,
26296,プラカップ,purakappu,1,
26297,プラグ,puragu,1,plug; connector
26298,プラスオン,purasuon,1,extras; addition; supplement
26299,プラットホーム,purattohōmu,1,platform
26300,プラハ,puraha,1,Prague (Czech Republic)
26301,プラモデル,puramoderu,1,plastic model
26302,プラレール,purarēru,1,
26303,プラント,puranto,1,"plant (i.e. equipment, machinery, etc.); plant; vegetation"
26306,プランナー,purannā,1,planner; game designer
26307,プラーク,purāku,1,(dental) plaque; (atheromatous) plaque
26308,プリクラ,purikura,1,"photo booth that prints out cards and stickers of the resulting photograph, which are then traded among friends"
26309,プリシラ,purishira,1,
26310,プリズマティック,purizumateikku,1,
26311,プリッ,puritsu,1,
26312,プリティーウーマン,puriteīūman,1,
26313,プリプリエビプリオ,puripuriebipurio,1,
26314,プリンス,purinsu,1,prince
26316,プリンター,purintā,1,printer
26317,プリンチ,purinchi,1,
26318,プリントアウト,purintoauto,1,printout; (computer) printing
26319,プルトニウム,purutoniumu,1,plutonium (Pu)
26320,プルドポーク,purudopōku,1,pulled pork
26321,プルプルプリン,purupurupurin,1,
26322,プルンプルン,purunpurun,1,shaking like a jelly; jellylike
26323,プルースト,purūsuto,1,
26325,プレイベント,pureibento,1,
26326,プレイヤーズカップ,pureiyāzukappu,1,
26327,プレイリスト,pureirisuto,1,playlist
26328,プレシャスデリ,pureshasuderi,1,
26329,プレストマーヴェル,puresutomāveru,1,
26330,プレゼンテーション,purezentēshon,1,presentation
26331,プレッセ,puresse,1,
26332,プレッツェル,purettsueru,1,pretzel
26333,プレハブ,purehabu,1,prefab; prefabrication; prefabricated building
26338,プレミアムモルツ,puremiamumorutsu,1,
26341,プレーンパンケーキ,purēnpankēki,1,
26342,プロサッカーリーグ,purosakkārīgu,1,
26343,プロジェクター,purojiekutā,1,projector
26344,プロセカ,puroseka,1,
26345,プロダクション,purodakushon,1,production
26346,プロテイン,purotein,1,protein; protein powder; protein supplement
26347,プロテスタント,purotesutanto,1,protestant
26348,プロトラン,purotoran,1,
26349,プロバイダ,purobaida,1,Internet service provider; ISP
26350,プロバトラー,purobatorā,1,
26352,プロパン,puropan,1,propane
26353,プロフェッショナル,purofesshonaru,1,professional
26354,プロペシア,puropeshia,1,
26355,プロペラ,puropera,1,propeller
26356,プロボノ,purobono,1,pro bono
26357,プロレスラブポーズ,puroresurabupōzu,1,
26358,プロレタリア,puroretaria,1,proletarian
26359,プロロードレーサー,purorōdorēsā,1,
26360,プロヴァンス,purovansu,1,
26361,プーカニ,pūkani,1,
26362,プードル,pūdoru,1,powder; flour; poodle
26363,プーパッポン,pūpappon,1,
26364,ヘアスタイル,heasutairu,1,hairstyle
26365,ヘアドネーション,headonēshon,1,
26366,ヘイトデモ,heitodemo,1,
26367,ヘグム,hegumu,1,
26368,ヘコ,heko,1,
26369,ヘジャングク,hejanguku,1,
26370,ヘチマ,hechima,1,sponge gourd (Luffa aegyptiaca); Egyptian cucumber; Vietnamese luffa; dishrag gourd; loofah
26371,ヘッドホン,heddohon,1,headphone
26372,ヘッドレスカバー,heddoresukabā,1,
26373,ヘディングシュート,hedingushūto,1,
26374,ヘビーリピーター,hebīripītā,1,loyal customer; frequent visitor
26375,ヘリテージ,heritēji,1,
26377,ヘル,heru,1,hell; Mr
26378,ヘルツォグ,herutsuogu,1,
26379,ヘヴン,hevun,1,heaven
26380,ヘーゼルナッツ,hēzerunattsu,1,hazelnut; filbert
26382,ベイシア,beishia,1,
26383,ベクトル,bekutoru,1,vector
26384,ベジタブル,bejitaburu,1,vegetable
26385,ベジタリアン,bejitarian,1,vegetarian
26386,ベストスコア,besutosukoa,1,
26387,ベストナイン,besutonain,1,
26388,ベストバウト,besutobauto,1,
26392,ベチャ,becha,1,
26393,ベチャベチャ,bechabecha,1,"chattering; prattling; gooey; messy (from mud, ink, etc.)"
26394,ベッカム,bekkamu,1,
26395,ベック,bekku,1,
26396,ベット,betto,1,bet; bed
26397,ベラルーシ,berarūshi,1,Belarus
26398,ベルゴロド,berugorodo,1,
26399,ベルサイユ,berusaiyu,1,
26400,ベルマートキヨスク,berumātokiyosuku,1,
26401,ベレン,beren,1,
26402,ベロリンガ,beroringa,1,
26403,ベロンベロン,beronberon,1,dead drunk; blind drunk
26404,ベングリオン,bengurion,1,
26405,ベンチャー,benchā,1,venture
26407,ベンツ,bentsu,1,vent (on a jacket)
26408,ベンティサイズ,benteisaizu,1,
26410,ベーシック,bēshikku,1,basic; BASIC
26411,ベースキャンプ,bēsukyanpu,1,base camp
26412,ベータ,bēta,1,beta
26413,ペイン,pein,1,area within a window or GUI display
26414,ペガサス,pegasasu,1,Pegasus (star); Pegasus (winged horse in Greek mythology)
26418,ペコポコ,pekopoko,1,
26419,ペコリーノロマーノ,pekorīnoromāno,1,
26420,ペスト,pesuto,1,plague; black plague; pesto
26421,ペストリーケース,pesutorīkēsu,1,
26422,ペッツ,pettsu,1,
26424,ペッパー,peppā,1,pepper
26425,ペナルティーエリア,penaruteīeria,1,penalty area
26426,ペパロニ,peparoni,1,pepperoni
26427,ペパロニクラシック,peparonikurashikku,1,
26428,ペヤングヌードル,peyangunūdoru,1,
26429,ペラ,pera,1,
26430,ペリドット,peridotto,1,peridot
26431,ペルソナプレス,perusonapuresu,1,
26432,ペロ,pero,1,
26433,ペロペロテロ,peroperotero,1,
26434,ペンシル,penshiru,1,pencil
26435,ペーペー,pēpē,1,underling; newbie; small fry; newcomer
26436,ホイス,hoisu,1,
26437,ホイホイ,hoihoi,1,recklessly; thoughtlessly; carelessly; readily; blithely
26439,ホウレイゼン,houreizen,1,
26440,ホオズキ,hōzuki,1,ground cherry (Physalis alkekengi var. franchetii); husk tomato; Chinese lantern plant; children's noisemaking toy
26441,ホカホカ,hokahoka,1,comfortably warm; steaming hot (food); piping hot; glowing (with warmth)
26442,ホクタン,hokutan,1,
26443,ホグズミード,hoguzumīdo,1,
26444,ホシノ,hoshino,1,
26445,ホステル,hosuteru,1,hostel
26446,ホスピタリティ,hosupitaritei,1,hospitality
26447,ホタル,hotaru,1,firefly (Luciola cruciata); lightning bug; glowworm
26448,ホタルイカ,hotaruika,1,firefly squid (Watasenia scintillans); sparkling enope squid
26449,ホッコリ,hokkori,1,
26450,ホッチキス,hotchikisu,1,stapler; paper fastener
26451,ホットケーキ,hottokēki,1,hotcake; (American) pancake
26452,ホットスプリングス,hottosupuringusu,1,
26454,ホッパー,hoppā,1,hopper
26455,ホテイウオ,hoteiuo,1,
26456,ホテルオークラ,hoteruōkura,1,
26457,ホテルグ,hoterugu,1,
26458,ホテルグレイスリー,hoterugureisurī,1,
26459,ホテルサブスク,hoterusabusuku,1,
26461,ホトトギス,hototogisu,1,lesser cuckoo (Cuculus poliocephalus); toad lily (Tricyrtis hirta)
26462,ホニャホニャ,honyahonya,1,
26464,ホムス,homusu,1,
26465,ホムセン,homusen,1,
26466,ホヤ,hoya,1,sea squirt; ascidian
26467,ホラサン,horasan,1,
26468,ホリエモン,horiemon,1,
26469,ホリスティック,horisuteikku,1,holistic
26471,ホルムスク,horumusuku,1,
26472,ホロッ,horotsu,1,
26473,ホロライブコラボ,hororaibukorabo,1,
26474,ホロリ,horori,1,
26475,ホワイトカリー,howaitokarī,1,
26479,ホワッホワ,howahhowa,1,
26480,ホンムス,honmusu,1,
26481,ホンモノ,honmono,1,
26482,ホー,hō,1,"discarded tiles; discards; oh; ho; exclamation of surprise, admiration, etc."
26483,ホープ,hōpu,1,hope; white hope; person of promise
26484,ホープツーリズム,hōputsūrizumu,1,
26486,ホーリーホック,hōrīhokku,1,
26488,ホールド,hōrudo,1,hold
26489,ホールドオン,hōrudōn,1,
26491,ボア,boa,1,boa; bore; boar
26492,ボイジャー,boijā,1,voyager
26493,ボイル,boiru,1,to boil (cook); voile (type of fabric)
26495,ボカロ,bokaro,1,
26496,ボク,boku,1,
26497,ボクハン,bokuhan,1,Camellia japonica 'Bokuhan' (cultivar of common camellia)
26498,ボケ,boke,1,fool; idiot; dotage; senility; dementia
26499,ボストンバッグ,bosutonbaggu,1,Boston bag; overnight bag; traveling bag (travelling)
26500,ボソボソ,bosoboso,1,
26501,ボタ,bota,1,
26503,ボチ,bochi,1,
26504,ボチボチ,bochibochi,1,leisurely; slowly; gradually; steadily; little by little
26505,ボッシュ,bosshu,1,
26506,ボッタク,bottaku,1,
26507,ボディスクラブ,bodisukurabu,1,
26508,ボディバターシアー,bodibatāshiā,1,
26509,ボディー,bodī,1,body; body blow (in boxing)
26510,ボトムス,botomusu,1,"lower garment (e.g. jeans, slacks, skirt, etc.)"
26511,ボトルインボトル,botoruinbotoru,1,
26514,ボラ,bora,1,striped mullet (Mugil cephalus); redlip mullet (Chelon haematocheilus); bora
26516,ボリッチ,boritchi,1,
26517,ボリューミ,boryūmi,1,
26519,ボルチーニリゾット,boruchīnirizotto,1,
26520,ボルトボルズ,borutoboruzu,1,
26523,ボレアース,boreāsu,1,
26524,ボレー,borē,1,volley
26525,ボロクソ,borokuso,1,worthless; shit; disparaging; demeaning
26526,ボロネジ,boroneji,1,
26528,ボンタン,bontan,1,"pomelo (Citrus maxima); shaddock; baggy pants, worn by construction workers and juvenile delinquents"
26529,ボンディ,bondi,1,
26530,ボンバイエ,bonbaie,1,
26531,ボンボン,bonbon,1,bonbon; fiercely (e.g. of a fire burning); bong-bong (of clock ringing); with repeated bangs (e.g. of fire cracker); striking clock
26532,ボー,bō,1,bow (weapon); bow; bowknot; bow tie; baud
26533,ボーカル,bōkaru,1,vocal (performance); vocals; singing; vocalist; singer
26534,ボーダーツーリズム,bōdātsūrizumu,1,
26535,ボーダーライン,bōdārain,1,border line
26536,ボートレース,bōtorēsu,1,boat race
26537,ボーボボ,bōbobo,1,
26538,ボーンステーキ,bōnsutēki,1,
26539,ポイ,poi,1,"paper scoop used in goldfish scooping; poi (Maori style of performance art); poi (tethered weights used in poi performances); poi; carelessly (throwing, tossing, etc.)"
26541,ポゥトゥー,poutoū,1,
26542,ポケ,poke,1,poke (Hawaiian raw-fish salad)
26543,ポケカ,pokeka,1,
26544,ポケカデビュー,pokekadebyū,1,
26545,ポケコイン,pokekoin,1,
26546,ポケジェニック,pokejienikku,1,
26547,ポケストップ,pokesutoppu,1,
26548,ポケセン,pokesen,1,
26551,ポケモンアイス,pokemon'aisu,1,
26553,ポケモングッズ,pokemonguzzu,1,
26556,ポケモンドーナ,pokemondōna,1,
26557,ポケモンパン,pokemonpan,1,
26558,ポジティブ,pojiteibu,1,positive (e.g. thinking); positive (photography); positive (electrical polarity)
26559,ポストジェノサイド,posutojienosaido,1,
26560,ポッ,potsu,1,
26561,ポッキー,pokkī,1,
26562,ポッチャマ,potchama,1,
26563,ポット,potto,1,"pot (esp. teapot, coffee-pot); vacuum bottle; thermos flask"
26564,ポップアップ,poppuappu,1,pop-up
26566,ポッポ,poppo,1,puffing (e.g. steam train); chugging; cooing (e.g. dove); steaming; feeling hot
26567,ポツダム,potsudamu,1,
26568,ポテトラド,potetorado,1,
26569,ポテナゲ,potenage,1,
26570,ポテマヨ,potemayo,1,
26571,ポテロールポテト,poterōrupoteto,1,
26572,ポピュリスト,popyurisuto,1,populist
26573,ポプラ,popura,1,"poplar (esp. Lombardy poplar, Populus nigra var. italica)"
26574,ポムダムール,pomudamūru,1,
26575,ポリエチレン,poriechiren,1,polyethylene
26576,ポリッ,poritsu,1,
26577,ポリティコ,poriteiko,1,
26578,ポリデキストロース,poridekisutorōsu,1,
26579,ポリプロピレン,poripuropiren,1,polypropylene
26580,ポルタ,poruta,1,
26581,ポルナレフ,porunarefu,1,
26582,ポルノ,poruno,1,pornography; porn; porno
26584,ポロッ,porotsu,1,
26585,ポワ,powa,1,
26586,ポワルン,powarun,1,
26587,ポンカレーカレー,ponkarēkarē,1,
26588,ポンコツ,ponkotsu,1,piece of junk; worn-out article; clumsy; useless; no good
26589,ポンド,pondo,1,pound (unit of weight); pound (currency); pound sterling; pond
26590,ポンパドウル,ponpadouru,1,
26591,ポンペイ,ponpei,1,
26592,ポンペオ,ponpeo,1,
26596,ポークパティ,pōkupatei,1,
26598,ポーター,pōtā,1,porter
26599,ポートフォリオ,pōtoforio,1,portfolio
26601,マイカ,maika,1,mica; Japanese common squid; Pacific flying squid (Todarodes pacificus); golden cuttlefish (Sepia esculenta); Japanese spineless cuttlefish (Sepiella japonica)
26602,マイカリー,maikarī,1,
26603,マイクラ,maikura,1,
26605,マイクロリーノ,maikurorīno,1,
26611,マイナポイント,mainapointo,1,identity number card point; reward-point system for users of the My Number card-based cashless payment services
26612,マイピカチュウ,maipikachū,1,
26613,マイフェイバリット,maifeibaritto,1,
26614,マイペース,maipēsu,1,doing things at one's own pace (e.g. slower than others); doing things one's own way (esp. in an inconsiderate manner)
26615,マイメロ,maimero,1,
26616,マイルス,mairusu,1,
26617,マイルドカルディ,mairudokarudi,1,
26619,マイルドブレンド,mairudoburendo,1,
26620,マイレージ,mairēji,1,mileage
26621,マウス,mausu,1,mouse (esp. laboratory); (computer) mouse; mouth
26622,マウスウォッシュ,mausūosshu,1,mouthwash
26623,マウンテン,maunten,1,mountain
26624,マウント,maunto,1,mount; stand; fixture; lens mount; mounting (e.g. a drive)
26625,マオウ,maou,1,
26627,マガキガイ,magakigai,1,strawberry conch (Strombus luhuanus)
26628,マガモ,magamo,1,mallard (Anas platyrhynchos); mallard duck
26629,マガレイ,magarei,1,brown sole (Pleuronectes herzensteini)
26630,マキ,maki,1,yew plum pine (Podocarpus macrophyllus)
26633,マギレコ,magireko,1,
26634,マギー,magī,1,
26637,マグネット,magunetto,1,magnet
26638,マグポキ,magupoki,1,
26639,マケドニア,makedonia,1,Macedonia
26640,マコネル,makoneru,1,
26642,マサラハット,masarahatto,1,
26643,マシナリー,mashinarī,1,
26647,マシンガンズ,mashinganzu,1,
26648,マジチャーシュー,majichāshū,1,
26649,マジマジ,majimaji,1,
26650,マスカルポーネ,masukarupōne,1,mascarpone
26652,マスキッパ,masukippa,1,
26653,マスキング,masukingu,1,masking
26655,マスコマス,masukomasu,1,
26656,マスジ,masuji,1,
26659,マズイ,mazui,1,bad (taste); unpalatable; unsavoury; unsavory; awful
26660,マタニティ,matanitei,1,maternity (motherhood); maternity (pregnancy); maternity dress
26661,マタニティケア,mataniteikea,1,
26662,マダガスカル,madagasukaru,1,Madagascar
26663,マダラ,madara,1,Pacific cod (Gadus macrocephalus)
26664,マッカーサー,makkāsā,1,
26665,マッシャー,masshā,1,masher; potato masher; bean masher
26666,マッシュ,masshu,1,mash
26667,マッシュストア,masshusutoa,1,
26668,マッハ,mahha,1,Mach (number); (at a) fast speed
26669,マツケンサンバ,matsukensanba,1,
26670,マツリバ,matsuriba,1,
26671,マディソン,madison,1,
26672,マドラス,madorasu,1,Madras
26673,マナティー,manateī,1,manatee
26674,マナフィ,manafi,1,
26675,マニューバ,manyūba,1,
26676,マニラ,manira,1,Manila (Philippines)
26677,マヌケ,manuke,1,stupid; foolish; idiotic; inane; fool
26678,マネジャー,manejā,1,"manager (e.g. of a business, an idol, etc.); in a sports team (esp. at school) someone who does the routine drudge work"
26679,マネックス,manekkusu,1,
26680,マハロ,maharo,1,thank you
26681,マフィア,mafia,1,mafia
26682,マフィン,mafin,1,muffin
26683,ママンボウ,mamanbou,1,
26685,マミヤ,mamiya,1,
26686,マヨコーンピザ,mayokōnpiza,1,
26687,マヨソース,mayosōsu,1,
26688,マヨン,mayon,1,
26689,マラスキーノ,marasukīno,1,maraschino (liqueur)
26692,マラリア,mararia,1,malaria
26694,マリオ,mario,1,
26695,マリナーズ,marināzu,1,
26696,マリメッコ,marimekko,1,
26698,マリヤ,mariya,1,
26699,マリン,marin,1,marine; Marine; the Marines
26700,マリー,marī,1,mallee (var. of eucalyptus)
26701,マリーゴールド,marīgōrudo,1,marigold
26702,マリーシア,marīshia,1,cleverness (used to win a soccer game); craftiness; sneakiness
26703,マリーナ,marīna,1,marina
26704,マリーヌ,marīnu,1,
26705,マリーンズファン,marīnzufan,1,
26706,マルクス,marukusu,1,
26708,マルコ,maruko,1,
26709,マルコメ,marukome,1,
26711,マルショク,marushoku,1,
26712,マルジ,maruji,1,
26713,マルタイ,marutai,1,escorted person; person being guarded; ballast tamper; tamping machine
26714,マルタイラーメン,marutairāmen,1,
26715,マルチストレング,maruchisutorengu,1,
26716,マルチストレングス,maruchisutorengusu,1,
26718,マルチバース,maruchibāsu,1,
26720,マルツネ,marutsune,1,
26721,マルハン,maruhan,1,
26722,マレー,marē,1,
26726,マントゥロフ,mantourofu,1,
26730,マンボウ,manbou,1,ocean sunfish (Mola mola)
26731,マンママリィ,manmamarī,1,
26732,マンリギョン,manrigyon,1,
26733,マーカー,mākā,1,marker
26734,マーケティング,māketeingu,1,marketing
26735,マーゴットロビー,māgottorobī,1,
26736,マーチ,māchi,1,march; March
26737,マーチング,māchingu,1,
26739,マーティ,mātei,1,
26740,マーベル,māberu,1,
26741,マーベルズ,māberuzu,1,
26742,マーマレード,māmarēdo,1,marmalade
26743,マーメイド,māmeido,1,mermaid
26744,ミカ,mika,1,
26745,ミシェル,mishieru,1,
26746,ミジンコ,mijinko,1,water flea (Daphnia spp.)
26747,ミステリアス,misuteriasu,1,mysterious
26748,ミズゴロウ,mizugorou,1,
26749,ミズダコ,mizudako,1,giant Pacific octopus (Enteroctopus dofleini); North Pacific giant octopus
26751,ミズベリング,mizuberingu,1,
26752,ミズラヒ,mizurahi,1,
26753,ミチコ,michiko,1,
26755,ミックスタコス,mikkusutakosu,1,
26756,ミックスチーズ,mikkusuchīzu,1,
26758,ミッシェル,misshieru,1,
26759,ミット,mitto,1,mitt
26760,ミッドタウン,middotaun,1,midtown; mid-town; middle of a town
26761,ミッフィー,miffī,1,
26762,ミツ,mitsu,1,
26763,ミツカン,mitsukan,1,
26764,ミディアムレア,midiamurea,1,medium rare
26765,ミドルシュート,midorushūto,1,
26766,ミドルブロッカー,midoruburokkā,1,
26768,ミニカ,minika,1,
26769,ミニカツカレー,minikatsukarē,1,
26770,ミニゲーム,minigēmu,1,minigame; mini game; subgame; microgame; short and simple video game
26771,ミニシロノワール,minishironowāru,1,
26772,ミニチョレギサラダ,minichoregisarada,1,
26773,ミニッツメイド,minittsumeido,1,
26774,ミニミニコンサート,miniminikonsāto,1,
26775,ミフラーブ,mifurābu,1,
26776,ミホ,miho,1,
26777,ミミズ,mimizu,1,earthworm
26778,ミモザ,mimoza,1,mimosa
26779,ミュウツー,myūtsū,1,
26780,ミュンヘン,myunhen,1,Munich; Muenchen
26783,ミュータント,myūtanto,1,mutant
26784,ミラドライ,miradorai,1,
26785,ミリバボ,miribabo,1,
26786,ミリヤ,miriya,1,
26787,ミルキープレーン,mirukīpurēn,1,
26789,ミルクセーキ,mirukusēki,1,milk shake
26791,ミレイ,mirei,1,
26792,ミレー,mirē,1,
26793,ミン,min,1,
26794,ミートガチャ,mītogacha,1,
26795,ミーラ,mīra,1,
26797,ムガベ,mugabe,1,
26799,ムク,muku,1,
26800,ムケ,muke,1,
26802,ムセ,muse,1,
26803,ムチャ,mucha,1,
26804,ムツオ,mutsuo,1,
26805,ムニエル,munieru,1,meunière
26806,ムニュッ,munyutsu,1,
26807,ムニュムニュ,munyumunyu,1,
26808,ムネ,mune,1,
26809,ムハンマド,muhanmado,1,Muhammad
26811,ムフフ,mufufu,1,
26812,ムフフサービス,mufufusābisu,1,
26814,ムリ,muri,1,unreasonable; unnatural; unjustifiable; impossible; forcible
26815,ムロツヨシ,murotsuyoshi,1,
26816,ムンムン,munmun,1,stuffy; steamy; sultry
26819,ムー,mū,1,
26820,ムードブレイカー,mūdobureikā,1,
26821,ムーブメント,mūbumento,1,movement
26822,ムーミンシリーズ,mūminshirīzu,1,
26824,ムーラ,mūra,1,
26825,ムーラン,mūran,1,moulin
26826,ムーンライト,mūnraito,1,moonlight
26827,メイ,mei,1,May
26829,メイコ,meiko,1,
26831,メカニック,mekanikku,1,mechanic
26832,メガサワー,megasawā,1,
26833,メガサーナイト,megasānaito,1,
26834,メガチャーレム,megachāremu,1,
26835,メガヤドラン,megayadoran,1,
26836,メキスープ,mekisūpu,1,
26837,メグ,megu,1,
26838,メグルハナ,meguruhana,1,
26840,メスキュード,mesukyūdo,1,
26841,メスティン,mesutein,1,
26842,メセナ,mesena,1,corporate patronage of the arts and culture
26843,メソポタミア,mesopotamia,1,Mesopotamia
26845,メタボリズム,metaborizumu,1,metabolism
26846,メタンガス,metangasu,1,methane gas
26847,メチャンコ,mechanko,1,
26848,メッカ,mekka,1,Mecca; Makkah; mecca; centre for some field or activity (center)
26849,メッシュ,messhu,1,mesh; grid; highlight in the hair; streaked hair
26850,メッタ,metta,1,
26853,メバル,mebaru,1,black rockfish (Sebastes inermis); darkbanded rockfish
26854,メラミン,meramin,1,melamine (resin)
26856,メリノウール,merinoūru,1,
26857,メリノウールシャツ,merinoūrushatsu,1,
26858,メリーメリー,merīmerī,1,
26859,メルカリ,merukari,1,
26860,メルコスル,merukosuru,1,Mercosur (South American trade bloc); Mercosul; Southern Common Market
26861,メルセデスベンツ,merusedesubentsu,1,
26862,メルティ,merutei,1,
26863,メルティングチョコ,meruteinguchoko,1,
26864,メルトダウン,merutodaun,1,meltdown
26865,メレンゲ,merenge,1,meringue
26866,メロディ,merodi,1,melody; chime
26867,メロンオムレット,meron'omuretto,1,
26869,メローニ,merōni,1,
26870,メンター,mentā,1,mentor; mentoring
26871,メンテナンス,mentenansu,1,maintenance
26872,メントール,mentōru,1,menthol
26874,メーキャップ,mēkyappu,1,make-up
26875,メープルシロップ,mēpurushiroppu,1,maple syrup
26876,モウシー,moushī,1,
26877,モガミワセソバ,mogamiwasesoba,1,
26878,モキュモキュ,mokyumokyu,1,
26879,モグラ,mogura,1,"mole (Talpidae spp., esp. the small Japanese mole, Mogera imaizumii)"
26880,モジャモジャ,mojamoja,1,tousled; shaggy (hair); scraggly (beard); dishevelled; disheveled
26881,モスキート,mosukīto,1,mosquito
26883,モスフードサービス,mosufūdosābisu,1,
26884,モソモソ,mosomoso,1,
26885,モタ,mota,1,
26886,モダニズム,modanizumu,1,modernism
26887,モチベーション,mochibēshon,1,motivation
26888,モッ,motsu,1,
26889,モックネック,mokkunekku,1,
26890,モットー,mottō,1,motto
26891,モツ,motsu,1,entrails; giblets; guts; internal organs
26892,モナカアイス,monakāisu,1,
26893,モナリザ,monariza,1,Mona Lisa; La Gioconda
26894,モニタリング,monitaringu,1,monitoring
26895,モノトーン,monotōn,1,monotone
26896,モノレール,monorēru,1,monorail
26897,モヒ,mohi,1,
26898,モビリティショー,mobiriteishō,1,
26899,モモフクヌードル,momofukunūdoru,1,
26900,モヤ,moya,1,
26901,モヤシ,moyashi,1,bean sprouts
26902,モヤッ,moyatsu,1,
26903,モヨ,moyo,1,
26904,モランボン,moranbon,1,
26905,モルック,morukku,1,
26906,モンエナ,mon'ena,1,
26907,モンキー,monkī,1,monkey
26908,モンク,monku,1,monk
26909,モンテカルロ,montekaruro,1,Monte Carlo (Monaco)
26910,モンテディオ,montedio,1,
26911,モンドラーネ,mondorāne,1,
26912,モータースクール,mōtāsukūru,1,
26914,モーツァルト,mōtsuaruto,1,Mozart
26915,モービル,mōbiru,1,mobile
26916,ヤカン,yakan,1,
26917,ヤガイ,yagai,1,
26918,ヤキオムライス,yakiomuraisu,1,
26919,ヤクザ,yakuza,1,yakuza; gangster; mobster; hoodlum; racketeer
26920,ヤケド,yakedo,1,
26921,ヤジロベー,yajirobē,1,
26922,ヤスエ,yasue,1,
26923,ヤスシ,yasushi,1,
26924,ヤセ,yase,1,
26926,ヤチブキ,yachibuki,1,
26927,ヤップ,yappu,1,
26928,ヤドン,yadon,1,
26929,ヤバイッ,yabaitsu,1,
26930,ヤバッ,yabatsu,1,
26932,ヤベェ,yabē,1,
26933,ヤマダデンキ,yamadadenki,1,
26934,ヤマト,yamato,1,
26935,ヤマニ,yamani,1,
26936,ヤマブドウ,yamabudou,1,
26937,ヤマヨ,yamayo,1,
26938,ヤルタ,yaruta,1,
26939,ヤレバデキル,yarebadekiru,1,
26940,ヤンキー,yankī,1,delinquent (youth); delinquency; Yankee
26941,ヤングケアラー,yangukearā,1,
26942,ヤンチャ,yancha,1,
26945,ユアテック,yuatekku,1,
26946,ユウカ,yūka,1,
26947,ユキノシタ,yukinoshita,1,strawberry saxifrage (Saxifraga stolinifera); mother-of-thousands; creeping saxifrage; strawberry geranium
26948,ユキヱ,yukie,1,
26949,ユジノサハリンスク,yujinosaharinsuku,1,
26950,ユッケジャンスープ,yukkejansūpu,1,
26951,ユナイテッド,yunaiteddo,1,united
26952,ユニコーンモード,yunikōnmōdo,1,
26954,ユネスコエコパーク,yunesukoekopāku,1,
26955,ユリ,yuri,1,lily (Lilium spp.); yuri; genre of comics and novels about female homosexuality
26956,ユーグレナモール,yūgurenamōru,1,
26959,ユーピーアール,yūpīāru,1,
26961,ユーラス,yūrasu,1,
26962,ユーラスエナジー,yūrasuenajī,1,
26965,ユーリー,yūrī,1,
26966,ヨイショ,yoisho,1,
26967,ヨウ,you,1,
26968,ヨガビリー,yogabirī,1,
26969,ヨシオ,yoshio,1,
26970,ヨシタケパークビル,yoshitakepākubiru,1,
26971,ヨセ,yose,1,
26972,ヨソ,yoso,1,
26973,ヨッ,yotsu,1,
26974,ヨックモック,yokkumokku,1,
26975,ヨドコウ,yodokou,1,
26976,ヨドバシ,yodobashi,1,
26977,ヨドバシドットコム,yodobashidottokomu,1,
26978,ヨネックス,yonekkusu,1,
26979,ヨハネ,yohane,1,
26980,ヨリ,yori,1,
26981,ヨルシカ,yorushika,1,
26982,ヨルダン,yorudan,1,Jordan
26983,ヨン,yon,1,
26984,ヨンス,yonsu,1,
26985,ヨンナム,yonnamu,1,
26986,ヨー,yō,1,
26987,ヨークフーズ,yōkufūzu,1,
26988,ヨーデル,yōderu,1,yodel
26989,ヨーロピアン,yōropian,1,European
26990,ラアム,rāmu,1,
26991,ライスバーガー,raisubāgā,1,
26993,ライフインアート,raifuin'āto,1,
26995,ライフハック,raifuhakku,1,life hack; life hacks
26996,ライフハックアプリ,raifuhakkuapuri,1,
26997,ライフライン,raifurain,1,(essential) utilities; lifeline
26998,ライフル,raifuru,1,rifle
26999,ライブミヤネ,raibumiyane,1,
27000,ラインアップ,rain'appu,1,"line-up (baseball, product, etc.); lineup"
27003,ラク,raku,1,
27004,ラグ,ragu,1,rug; lag (esp. in online gaming)
27005,ラグノオ,ragunō,1,
27007,ラグラージ,ragurāji,1,
27008,ラザニア,razania,1,lasagna; lasagne
27010,ラジ,raji,1,
27011,ラジコン,rajikon,1,radio control
27012,ラスク,rasuku,1,rusk
27013,ラスター,rasutā,1,roster; raster; Rastafarian; Rasta
27014,ラストスパート,rasutosupāto,1,last spurt; final spurt; home stretch
27015,ラッキーアイテム,rakkīaitemu,1,good-luck charm
27017,ラッキーゴール,rakkīgōru,1,
27018,ラッパー,rappā,1,wrapper; rapper
27019,ラディッシュ,radisshu,1,radish
27020,ラバ,raba,1,mule; lava
27021,ラバウル,rabauru,1,Rabaul (Papua New Guinea)
27022,ラバー,rabā,1,lover; rubber
27023,ラビン,rabin,1,
27024,ラピダス,rapidasu,1,
27025,ラファエル,rafaeru,1,
27026,ラフォーレ,rafōre,1,
27027,ラフティング,rafuteingu,1,rafting
27028,ラフテー,rafutē,1,"Okinawan-style stewed pork cubes; boned pork rib meat, cut into 5 cm squares, stewed in awamori, soy, dashi broth, and sugar"
27029,ラフト,rafuto,1,raft
27030,ラフレシア,rafureshia,1,rafflesia (Rafflesia arnoldii); monster flower; stinking corpse lily
27031,ラフレッサ,rafuressa,1,
27032,ラブリー,raburī,1,lovely
27033,ラプソディ,rapusodi,1,
27034,ラベルプラ,raberupura,1,
27035,ラマザン,ramazan,1,
27036,ラミアス,ramiasu,1,
27037,ラミネート,raminēto,1,laminate
27038,ラミントン,raminton,1,
27039,ラムドラ,ramudora,1,
27040,ラルク,raruku,1,
27041,ランウエー,ran'uē,1,runway (fashion); catwalk; runway (aircraft)
27042,ランクポコチャ,rankupokocha,1,
27043,ラングドシャ,rangudosha,1,cat tongue; thin cookie or chocolate shaped like a tongue
27044,ラングレー,rangurē,1,
27045,ランジャタイ,ranjatai,1,
27046,ランニ,ranni,1,
27047,ランピオン,ranpion,1,
27049,ラー,rā,1,
27051,ラード,rādo,1,lard
27052,ラーマ,rāma,1,Rama (Hindu god)
27053,リアクション,riakushon,1,reaction; response
27054,リアリズム,riarizumu,1,realism
27055,リアリティ,riaritei,1,reality
27056,リアルガチ,riarugachi,1,
27057,リアルポケストップ,riarupokesutoppu,1,
27058,リウム,riumu,1,
27059,リオグランデグリル,riogurandeguriru,1,
27060,リオル,rioru,1,
27061,リカ,rika,1,
27062,リカレント,rikarento,1,recurrent
27063,リキ,riki,1,
27064,リキッドコーヒー,rikiddokōhī,1,
27065,リキッドタイプ,rikiddotaipu,1,
27066,リキュール,rikyūru,1,liqueur
27067,リクルート,rikurūto,1,recruit
27070,リスキリング,risukiringu,1,
27071,リスタート,risutāto,1,restart
27072,リストナビ,risutonabi,1,
27073,リスニング,risuningu,1,listening
27074,リソルポシュテル,risoruposhuteru,1,
27075,リターン,ritān,1,return
27076,リッカ,rikka,1,
27077,リッチチーズケーキ,ritchichīzukēki,1,
27078,リッチピープル,ritchipīpuru,1,
27079,リトレーン,ritorēn,1,
27081,リニアコライダー,riniakoraidā,1,
27082,リノベーション,rinobēshon,1,renovation
27083,リハーサル,rihāsaru,1,rehearsal
27084,リバイバル,ribaibaru,1,revival
27085,リバウンド,ribaundo,1,rebound; relapse after a diet; regaining lost weight; return of symptoms after withdrawal of medicine
27086,リバタリアン,ribatarian,1,libertarian
27087,リバティアイランド,ribateiairando,1,
27088,リバティー,ribateī,1,liberty
27089,リバランス,ribaransu,1,rebalancing
27090,リヒター,rihitā,1,
27091,リビング,ribingu,1,living; lifestyle; living room
27092,リフォーム,rifōmu,1,renovation (e.g. a house); redecoration; makeover; updating
27093,リフレクトカモ,rifurekutokamo,1,
27094,リブサンドポーク,ribusandopōku,1,
27095,リブニ,ribuni,1,
27096,リブロース,riburōsu,1,rib roast
27097,リブロースステーキ,riburōsusutēki,1,
27098,リベラシオン,riberashion,1,
27099,リベルタス,riberutasu,1,
27100,リベンジャーズ,ribenjāzu,1,
27101,リペアキット,ripeakitto,1,
27103,リポスト,riposuto,1,repost (e.g. on social media); resubmission
27104,リマインダー,rimaindā,1,reminder
27105,リミッター,rimittā,1,limiter (electronics); (speed) limiter
27106,リミット,rimitto,1,limit
27107,リム,rimu,1,rim
27108,リモート,rimōto,1,"remote (work, device, etc.)"
27109,リュック,ryukku,1,rucksack; knapsack; backpack
27110,リュックサック,ryukkusakku,1,rucksack; knapsack; backpack
27111,リューク,ryūku,1,
27112,リュール,ryūru,1,
27113,リョンモッ,ryonmotsu,1,
27114,リョーユーパン,ryōyūpan,1,
27115,リヨン,riyon,1,
27116,リラクゼーション,rirakuzēshon,1,relaxation
27117,リン,rin,1,phosphorus (P); ring (sound); ding
27118,リンダ,rinda,1,
27119,リンドウ,rindou,1,gentian (Gentiana scabra var. buergeri); autumn bellflower
27124,リーグトップ,rīgutoppu,1,
27125,リーサルウェポン,rīsarūepon,1,
27126,リーズフェス,rīzufesu,1,
27127,リーダーズサミット,rīdāzusamitto,1,
27128,リーディング,rīdingu,1,reading; leading
27129,リーフレット,rīfuretto,1,leaflet
27130,リープ,rīpu,1,
27131,ルイス,ruisu,1,
27132,ルイビル,ruibiru,1,
27133,ルゥ,rū,1,
27134,ルター,rutā,1,
27135,ルチア,ruchia,1,
27136,ルッキズム,rukkizumu,1,
27137,ルック,rukku,1,look
27139,ルネサンス,runesansu,1,Renaissance
27140,ルノワール,runowāru,1,
27141,ルパン,rupan,1,shoplifting; shoplifter
27142,ルヒヤ,ruhiya,1,
27143,ルビ,rubi,1,ruby; ruby character; small hiragana or katakana readings of kanji usually above or to the side of the kanji (esp. used by printers and in ref. to printed material); Ruby (programming language)
27144,ルビコン,rubikon,1,
27146,ルピナス,rupinasu,1,lupine
27147,ルフィ,rufi,1,
27148,ルフト,rufuto,1,
27149,ルブリス,ruburisu,1,
27150,ルブリョフカ,ruburyofuka,1,
27151,ルブルジェ,ruburujie,1,
27152,ルプリン,rupurin,1,
27153,ルポ,rupo,1,reportage
27154,ルポルタージュ,ruporutāju,1,reportage
27155,ルマンド,rumando,1,
27157,ルモンド,rumondo,1,
27158,ルンルン,runrun,1,euphoric; happy; buoyant; bouncy
27160,ルーガー,rūgā,1,
27161,ルーキー,rūkī,1,rookie
27162,ルーキーズマッチ,rūkīzumatchi,1,
27163,ルーターボックス,rūtābokkusu,1,
27164,ルーフ,rūfu,1,roof
27166,ルーローハン,rūrōhan,1,"minced pork rice; Taiwanese dish of pork stewed in soy, served on rice"
27167,レアチーズクリーム,reachīzukurīmu,1,
27169,レアレア,rearea,1,
27170,レイザーラモン,reizāramon,1,
27171,レイチェル,reicheru,1,
27172,レイドデイ,reidodei,1,
27173,レイドバトル,reidobatoru,1,
27174,レイドパス,reidopasu,1,
27175,レイバンレンズ,reibanrenzu,1,
27176,レイピア,reipia,1,rapier
27177,レインズ,reinzu,1,
27179,レイヴン,reivun,1,
27180,レオタード,reotādo,1,leotard
27181,レオナ,reona,1,
27185,レクサス,rekusasu,1,
27186,レクチャー,rekuchā,1,lecture
27187,レゲエ,regē,1,reggae
27188,レコード,rekōdo,1,record (e.g. LP); record (e.g. in sports); record (data structure)
27189,レザー,rezā,1,leather; razor
27191,レジオネラ,rejionera,1,
27192,レジーム,rejīmu,1,regime
27193,レストランツ,resutorantsu,1,
27195,レスポンス,resuponsu,1,response
27196,レスポールカスタム,resupōrukasutamu,1,
27197,レゾナックドーム,rezonakkudōmu,1,
27199,レッ,retsu,1,
27201,レッグウォーマー,reggūōmā,1,leg warmers
27202,レッズ,rezzu,1,
27203,レッテル,retteru,1,label; sticker
27204,レット,retto,1,let
27206,レッドヒッポ,reddohippo,1,
27207,レッドベリーソース,reddoberīsōsu,1,
27209,レトリィバァ,retorībā,1,
27213,レパンバナナ,repanbanana,1,
27214,レビン,rebin,1,
27215,レプリカ,repurika,1,replica
27216,レベリング,reberingu,1,leveling; levelling
27217,レミ,remi,1,
27219,レモンピール,remonpīru,1,lemon peel
27221,レンジャーズ,renjāzu,1,
27222,レンチン,renchin,1,warming up (food) in a microwave
27223,レンチンレストラン,renchinresutoran,1,
27224,レーシング,rēshingu,1,racing
27225,レーシングカー,rēshingukā,1,racing car
27226,レーズン,rēzun,1,raisin; raisins
27227,レーベル,rēberu,1,label (i.e. sticker); label (i.e. record label)
27228,レール,rēru,1,rail (track); curtain rail; groundwork; spadework; preparations
27229,ロイズ,roizu,1,
27230,ロイター,roitā,1,
27235,ロウソク,rousoku,1,candle
27236,ロカ,roka,1,loss-of-coolant accident; LOCA
27237,ロク,roku,1,
27238,ロクシタンカフェ,rokushitankafe,1,
27239,ロケットランチャー,rokettoranchā,1,rocket launcher
27240,ロケニューメンバー,rokenyūmenbā,1,
27241,ロコ,roko,1,person born in Hawaii; resident of Hawaii
27242,ロシアンルーレット,roshianrūretto,1,Russian roulette
27245,ロッカバラード,rokkabarādo,1,
27246,ロッキンオン,rokkin'on,1,
27247,ロックスハンバーグ,rokkusuhanbāgu,1,
27248,ロッテンダ,rottenda,1,
27249,ロット,rotto,1,lot (production); batch; lotto
27250,ロッド,roddo,1,rod; pole; stick; fishing rod
27251,ロティサリーチキン,roteisarīchikin,1,
27252,ロデオボーイ,rodeobōi,1,
27253,ロバ,roba,1,robber; donkey; ass
27254,ロビンフット,robinfutto,1,
27255,ロフト,rofuto,1,loft
27256,ロブスター,robusutā,1,lobster
27257,ロボ,robo,1,robotics; robot
27258,ロボッ,robotsu,1,
27259,ロマンティック,romanteikku,1,romantic
27260,ロマンドール,romandōru,1,
27261,ロリ,rori,1,young girl; childlike young woman; lolicon; sexual attraction to young girls; person attracted to young girls
27262,ロングヘアー,ronguheā,1,
27263,ロンリープラネット,ronrīpuranetto,1,
27267,ローカスブリッジ,rōkasuburijji,1,
27268,ローカルファミレス,rōkarufamiresu,1,
27269,ロークオリティ,rōkuoritei,1,
27272,ロースーファン,rōsūfan,1,
27273,ローズマリー,rōzumarī,1,rosemary
27274,ローゼン,rōzen,1,
27275,ローソンストア,rōsonsutoa,1,
27276,ロータリアン,rōtarian,1,
27277,ローダー,rōdā,1,loader
27278,ロート,rōto,1,funnel
27280,ロードショー,rōdoshō,1,roadshow (theatrical release)
27282,ロールプレイ,rōrupurei,1,roleplay (e.g. in computer RPG games)
27283,ロールプレーイング,rōrupurēingu,1,role-playing; roleplaying
27285,ローンチ,rōnchi,1,launch
27286,ワイコフ,waikofu,1,
27287,ワイシャツ,waishatsu,1,shirt; business shirt; dress shirt
27288,ワイス,waisu,1,
27289,ワイナリー,wainarī,1,winery
27290,ワイヤレスイヤホン,waiyaresuiyahon,1,
27291,ワイヤー,waiyā,1,wire; wire rope
27292,ワイルドカード,wairudokādo,1,wild card; wildcard
27293,ワイルドハンバーグ,wairudohanbāgu,1,
27294,ワイワイガヤガヤ,waiwaigayagaya,1,
27295,ワオキツネザル,waokitsunezaru,1,ring-tailed lemur (Lemur catta)
27296,ワカメ,wakame,1,"wakame (species of edible brown seaweed, Undaria pinnatifida)"
27297,ワカモレ,wakamore,1,guacamole
27298,ワゴミー,wagomī,1,
27299,ワゴン,wagon,1,wagon; tea wagon; teacart; tea trolley; station wagon
27300,ワザ,waza,1,
27301,ワタ,wata,1,cotton plant (Gossypium spp.); batting; wadding; padding
27302,ワタル,wataru,1,
27304,ワット,watto,1,watt
27305,ワナ,wana,1,
27306,ワニ,wani,1,crocodile; alligator; shark
27307,ワフナッツ,wafunattsu,1,
27309,ワラジ,waraji,1,
27310,ワラビ,warabi,1,
27311,ワル,waru,1,wicked person; evil person; scoundrel; bad guy; bad child
27312,ワンイシュー,wan'ishū,1,
27313,ワンオペ,wan'ope,1,"staffing a restaurant, retail outlet etc. with one person (esp. during the night shift); one-man operation; one-person operation"
27315,ワンコインサイズ,wankoinsaizu,1,
27317,ワンダフル,wandafuru,1,wonderful
27318,ワンダーランド,wandārando,1,wonderland
27319,ワンテンポ,wantenpo,1,one beat
27320,ワンハン,wanhan,1,
27321,ワンパク,wanpaku,1,
27322,ワンピワンピース,wanpiwanpīsu,1,
27323,ワンフェス,wanfesu,1,
27324,ワンモアコーヒー,wanmoakōhī,1,
27325,ワンルーム,wanrūmu,1,one room apartment; studio apartment
27327,ワーカーズ,wākāzu,1,
27328,ワーキンググループ,wākingugurūpu,1,working group
27329,ワークフェス,wākufesu,1,
27330,ワースト,wāsuto,1,worst
27331,ワールドメイト,wārudomeito,1,
27334,ヲタ,wota,1,otaku; geek; nerd; enthusiast
27335,ング,ngu,1,
27338,ヴァイオリン,vaiorin,1,violin
27339,ヴァリエーション,variēshon,1,variation
27340,ヴァルド,varudo,1,
27341,ヴァンフォーレ,vanfōre,1,
27342,ヴァンラーレ,vanrāre,1,
27343,ヴァージョン,vājon,1,version
27344,ヴァーベナ,vābena,1,
27345,ヴィット,vitto,1,
27346,ヴィライナワシロ,virainawashiro,1,
27347,ヴィラン,viran,1,
27349,ヴィンテージタイル,vintējitairu,1,
27350,ヴィーガンカレー,vīgankarē,1,
27352,ヴィーナス,vīnasu,1,Venus (Roman goddess); Venus (planet)
27353,ヴェルディ,verudi,1,
27354,ヴェルマ,veruma,1,
27355,ヴォルケーノ,vorukēno,1,
27360,ーソン,-son,1,
